cycle_inferred,component_folder,normalized_code,filename,relative_path,full_path,file_size_bytes
2017-March_2020_PrePandemic,Dietary,DSBI,DSBI.xpt,2017-March_2020_PrePandemic\Dietary\DSBI.xpt,D:\47\472\New-Papers\Integrated Personalized Disability-Aware\Experiments\data_raw\Downloaded\2017-March_2020_PrePandemic\Dietary\DSBI.xpt,10452880
2017-March_2020_PrePandemic,Dietary,DSII,DSII.xpt,2017-March_2020_PrePandemic\Dietary\DSII.xpt,D:\47\472\New-Papers\Integrated Personalized Disability-Aware\Experiments\data_raw\Downloaded\2017-March_2020_PrePandemic\Dietary\DSII.xpt,86359040
2017-March_2020_PrePandemic,Dietary,DSPI,DSPI.xpt,2017-March_2020_PrePandemic\Dietary\DSPI.xpt,D:\47\472\New-Papers\Integrated Personalized Disability-Aware\Experiments\data_raw\Downloaded\2017-March_2020_PrePandemic\Dietary\DSPI.xpt,6842720
2017-March_2020_PrePandemic,Dietary,DR1IFF,P_DR1IFF.xpt,2017-March_2020_PrePandemic\Dietary\P_DR1IFF.xpt,D:\47\472\New-Papers\Integrated Personalized Disability-Aware\Experiments\data_raw\Downloaded\2017-March_2020_PrePandemic\Dietary\P_DR1IFF.xpt,123600000
2017-March_2020_PrePandemic,Dietary,DR1TOT,P_DR1TOT.xpt,2017-March_2020_PrePandemic\Dietary\P_DR1TOT.xpt,D:\47\472\New-Papers\Integrated Personalized Disability-Aware\Experiments\data_raw\Downloaded\2017-March_2020_PrePandemic\Dietary\P_DR1TOT.xpt,19243440
2017-March_2020_PrePandemic,Dietary,DR2IFF,P_DR2IFF.xpt,2017-March_2020_PrePandemic\Dietary\P_DR2IFF.xpt,D:\47\472\New-Papers\Integrated Personalized Disability-Aware\Experiments\data_raw\Downloaded\2017-March_2020_PrePandemic\Dietary\P_DR2IFF.xpt,100473120
2017-March_2020_PrePandemic,Dietary,DR2TOT,P_DR2TOT.xpt,2017-March_2020_PrePandemic\Dietary\P_DR2TOT.xpt,D:\47\472\New-Papers\Integrated Personalized Disability-Aware\Experiments\data_raw\Downloaded\2017-March_2020_PrePandemic\Dietary\P_DR2TOT.xpt,9736640
2017-March_2020_PrePandemic,Dietary,DRXFCD,P_DRXFCD.xpt,2017-March_2020_PrePandemic\Dietary\P_DRXFCD.xpt,D:\47\472\New-Papers\Integrated Personalized Disability-Aware\Experiments\data_raw\Downloaded\2017-March_2020_PrePandemic\Dietary\P_DRXFCD.xpt,4974080
2017-March_2020_PrePandemic,Dietary,DS1IDS,P_DS1IDS.xpt,2017-March_2020_PrePandemic\Dietary\P_DS1IDS.xpt,D:\47\472\New-Papers\Integrated Personalized Disability-Aware\Experiments\data_raw\Downloaded\2017-March_2020_PrePandemic\Dietary\P_DS1IDS.xpt,5698160
2017-March_2020_PrePandemic,Dietary,DS1TOT,P_DS1TOT.xpt,2017-March_2020_PrePandemic\Dietary\P_DS1TOT.xpt,D:\47\472\New-Papers\Integrated Personalized Disability-Aware\Experiments\data_raw\Downloaded\2017-March_2020_PrePandemic\Dietary\P_DS1TOT.xpt,5613200
2017-March_2020_PrePandemic,Dietary,DS2IDS,P_DS2IDS.xpt,2017-March_2020_PrePandemic\Dietary\P_DS2IDS.xpt,D:\47\472\New-Papers\Integrated Personalized Disability-Aware\Experiments\data_raw\Downloaded\2017-March_2020_PrePandemic\Dietary\P_DS2IDS.xpt,5372880
2017-March_2020_PrePandemic,Dietary,DS2TOT,P_DS2TOT.xpt,2017-March_2020_PrePandemic\Dietary\P_DS2TOT.xpt,D:\47\472\New-Papers\Integrated Personalized Disability-Aware\Experiments\data_raw\Downloaded\2017-March_2020_PrePandemic\Dietary\P_DS2TOT.xpt,5613200
2017-March_2020_PrePandemic,Dietary,DSQIDS,P_DSQIDS.xpt,2017-March_2020_PrePandemic\Dietary\P_DSQIDS.xpt,D:\47\472\New-Papers\Integrated Personalized Disability-Aware\Experiments\data_raw\Downloaded\2017-March_2020_PrePandemic\Dietary\P_DSQIDS.xpt,14867440
2017-March_2020_PrePandemic,Dietary,DSQTOT,P_DSQTOT.xpt,2017-March_2020_PrePandemic\Dietary\P_DSQTOT.xpt,D:\47\472\New-Papers\Integrated Personalized Disability-Aware\Experiments\data_raw\Downloaded\2017-March_2020_PrePandemic\Dietary\P_DSQTOT.xpt,4860960
2017-March_2020_PrePandemic,Examination,BMX,P_BMX.xpt,2017-March_2020_PrePandemic\Examination\P_BMX.xpt,D:\47\472\New-Papers\Integrated Personalized Disability-Aware\Experiments\data_raw\Downloaded\2017-March_2020_PrePandemic\Examination\P_BMX.xpt,2520640
2017-March_2020_PrePandemic,Examination,BPXO,P_BPXO.xpt,2017-March_2020_PrePandemic\Examination\P_BPXO.xpt,D:\47\472\New-Papers\Integrated Personalized Disability-Aware\Experiments\data_raw\Downloaded\2017-March_2020_PrePandemic\Examination\P_BPXO.xpt,1039840
2017-March_2020_PrePandemic,Laboratory,GHB,P_GHB.xpt,2017-March_2020_PrePandemic\Laboratory\P_GHB.xpt,D:\47\472\New-Papers\Integrated Personalized Disability-Aware\Experiments\data_raw\Downloaded\2017-March_2020_PrePandemic\Laboratory\P_GHB.xpt,167600
2017-March_2020_PrePandemic,Laboratory,GLU,P_GLU.xpt,2017-March_2020_PrePandemic\Laboratory\P_GLU.xpt,D:\47\472\New-Papers\Integrated Personalized Disability-Aware\Experiments\data_raw\Downloaded\2017-March_2020_PrePandemic\Laboratory\P_GLU.xpt,164160
2017-March_2020_PrePandemic,Laboratory,HDL,P_HDL.xpt,2017-March_2020_PrePandemic\Laboratory\P_HDL.xpt,D:\47\472\New-Papers\Integrated Personalized Disability-Aware\Experiments\data_raw\Downloaded\2017-March_2020_PrePandemic\Laboratory\P_HDL.xpt,294000
2017-March_2020_PrePandemic,Laboratory,TCHOL,P_TCHOL.xpt,2017-March_2020_PrePandemic\Laboratory\P_TCHOL.xpt,D:\47\472\New-Papers\Integrated Personalized Disability-Aware\Experiments\data_raw\Downloaded\2017-March_2020_PrePandemic\Laboratory\P_TCHOL.xpt,294000
2017-March_2020_PrePandemic,Laboratory,TRIGLY,P_TRIGLY.xpt,2017-March_2020_PrePandemic\Laboratory\P_TRIGLY.xpt,D:\47\472\New-Papers\Integrated Personalized Disability-Aware\Experiments\data_raw\Downloaded\2017-March_2020_PrePandemic\Laboratory\P_TRIGLY.xpt,409360
2017-March_2020_PrePandemic,Questionnaire,BPQ,P_BPQ.xpt,2017-March_2020_PrePandemic\Questionnaire\P_BPQ.xpt,D:\47\472\New-Papers\Integrated Personalized Disability-Aware\Experiments\data_raw\Downloaded\2017-March_2020_PrePandemic\Questionnaire\P_BPQ.xpt,899520
2017-March_2020_PrePandemic,Questionnaire,DPQ,P_DPQ.xpt,2017-March_2020_PrePandemic\Questionnaire\P_DPQ.xpt,D:\47\472\New-Papers\Integrated Personalized Disability-Aware\Experiments\data_raw\Downloaded\2017-March_2020_PrePandemic\Questionnaire\P_DPQ.xpt,791280
2017-March_2020_PrePandemic,Questionnaire,MCQ,P_MCQ.xpt,2017-March_2020_PrePandemic\Questionnaire\P_MCQ.xpt,D:\47\472\New-Papers\Integrated Personalized Disability-Aware\Experiments\data_raw\Downloaded\2017-March_2020_PrePandemic\Questionnaire\P_MCQ.xpt,7562560
2017-March_2020_PrePandemic,Questionnaire,PAQ,P_PAQ.xpt,2017-March_2020_PrePandemic\Questionnaire\P_PAQ.xpt,D:\47\472\New-Papers\Integrated Personalized Disability-Aware\Experiments\data_raw\Downloaded\2017-March_2020_PrePandemic\Questionnaire\P_PAQ.xpt,1321440
2017-March_2020_PrePandemic,Questionnaire,PAQY,P_PAQY.xpt,2017-March_2020_PrePandemic\Questionnaire\P_PAQY.xpt,D:\47\472\New-Papers\Integrated Personalized Disability-Aware\Experiments\data_raw\Downloaded\2017-March_2020_PrePandemic\Questionnaire\P_PAQY.xpt,78080
2017-March_2020_PrePandemic,Questionnaire,RXQ_RX,P_RXQ_RX.xpt,2017-March_2020_PrePandemic\Questionnaire\P_RXQ_RX.xpt,D:\47\472\New-Papers\Integrated Personalized Disability-Aware\Experiments\data_raw\Downloaded\2017-March_2020_PrePandemic\Questionnaire\P_RXQ_RX.xpt,16154000
2017-March_2020_PrePandemic,Questionnaire,SMQ,P_SMQ.xpt,2017-March_2020_PrePandemic\Questionnaire\P_SMQ.xpt,D:\47\472\New-Papers\Integrated Personalized Disability-Aware\Experiments\data_raw\Downloaded\2017-March_2020_PrePandemic\Questionnaire\P_SMQ.xpt,1428560
2017-March_2020_PrePandemic,Questionnaire,SMQFAM,P_SMQFAM.xpt,2017-March_2020_PrePandemic\Questionnaire\P_SMQFAM.xpt,D:\47\472\New-Papers\Integrated Personalized Disability-Aware\Experiments\data_raw\Downloaded\2017-March_2020_PrePandemic\Questionnaire\P_SMQFAM.xpt,374640
2017-March_2020_PrePandemic,Questionnaire,SMQRTU,P_SMQRTU.xpt,2017-March_2020_PrePandemic\Questionnaire\P_SMQRTU.xpt,D:\47\472\New-Papers\Integrated Personalized Disability-Aware\Experiments\data_raw\Downloaded\2017-March_2020_PrePandemic\Questionnaire\P_SMQRTU.xpt,2086080
2017-March_2020_PrePandemic,Questionnaire,SMQSHS,P_SMQSHS.xpt,2017-March_2020_PrePandemic\Questionnaire\P_SMQSHS.xpt,D:\47\472\New-Papers\Integrated Personalized Disability-Aware\Experiments\data_raw\Downloaded\2017-March_2020_PrePandemic\Questionnaire\P_SMQSHS.xpt,1870080
2017-March_2020_PrePandemic,Questionnaire,RXQ_DRUG,RXQ_DRUG.xpt,2017-March_2020_PrePandemic\Questionnaire\RXQ_DRUG.xpt,D:\47\472\New-Papers\Integrated Personalized Disability-Aware\Experiments\data_raw\Downloaded\2017-March_2020_PrePandemic\Questionnaire\RXQ_DRUG.xpt,3372240
2021-August_2023,Dietary,DR1IFF,DR1IFF_L.xpt,2021-August_2023\Dietary\DR1IFF_L.xpt,D:\47\472\New-Papers\Integrated Personalized Disability-Aware\Experiments\data_raw\Downloaded\2021-August_2023\Dietary\DR1IFF_L.xpt,67290480
2021-August_2023,Dietary,DR1TOT,DR1TOT_L.xpt,2021-August_2023\Dietary\DR1TOT_L.xpt,D:\47\472\New-Papers\Integrated Personalized Disability-Aware\Experiments\data_raw\Downloaded\2021-August_2023\Dietary\DR1TOT_L.xpt,11932080
2021-August_2023,Dietary,DR2IFF,DR2IFF_L.xpt,2021-August_2023\Dietary\DR2IFF_L.xpt,D:\47\472\New-Papers\Integrated Personalized Disability-Aware\Experiments\data_raw\Downloaded\2021-August_2023\Dietary\DR2IFF_L.xpt,59170000
2021-August_2023,Dietary,DR2TOT,DR2TOT_L.xpt,2021-August_2023\Dietary\DR2TOT_L.xpt,D:\47\472\New-Papers\Integrated Personalized Disability-Aware\Experiments\data_raw\Downloaded\2021-August_2023\Dietary\DR2TOT_L.xpt,6037440
2021-August_2023,Dietary,DRXFCD,DRXFCD_L.xpt,2021-August_2023\Dietary\DRXFCD_L.xpt,D:\47\472\New-Papers\Integrated Personalized Disability-Aware\Experiments\data_raw\Downloaded\2021-August_2023\Dietary\DRXFCD_L.xpt,1457040
2021-August_2023,Dietary,DSBI,DSBI.xpt,2021-August_2023\Dietary\DSBI.xpt,D:\47\472\New-Papers\Integrated Personalized Disability-Aware\Experiments\data_raw\Downloaded\2021-August_2023\Dietary\DSBI.xpt,10452880
2021-August_2023,Dietary,DSII,DSII.xpt,2021-August_2023\Dietary\DSII.xpt,D:\47\472\New-Papers\Integrated Personalized Disability-Aware\Experiments\data_raw\Downloaded\2021-August_2023\Dietary\DSII.xpt,86359040
2021-August_2023,Dietary,DSPI,DSPI.xpt,2021-August_2023\Dietary\DSPI.xpt,D:\47\472\New-Papers\Integrated Personalized Disability-Aware\Experiments\data_raw\Downloaded\2021-August_2023\Dietary\DSPI.xpt,6842720
2021-August_2023,Dietary,DSQIDS,DSQIDS_L.xpt,2021-August_2023\Dietary\DSQIDS_L.xpt,D:\47\472\New-Papers\Integrated Personalized Disability-Aware\Experiments\data_raw\Downloaded\2021-August_2023\Dietary\DSQIDS_L.xpt,6286080
2021-August_2023,Dietary,DSQTOT,DSQTOT_L.xpt,2021-August_2023\Dietary\DSQTOT_L.xpt,D:\47\472\New-Papers\Integrated Personalized Disability-Aware\Experiments\data_raw\Downloaded\2021-August_2023\Dietary\DSQTOT_L.xpt,2841520
2021-August_2023,Examination,BMX,BMX_L.xpt,2021-August_2023\Examination\BMX_L.xpt,D:\47\472\New-Papers\Integrated Personalized Disability-Aware\Experiments\data_raw\Downloaded\2021-August_2023\Examination\BMX_L.xpt,1563200
2021-August_2023,Examination,BPXO,BPXO_L.xpt,2021-August_2023\Examination\BPXO_L.xpt,D:\47\472\New-Papers\Integrated Personalized Disability-Aware\Experiments\data_raw\Downloaded\2021-August_2023\Examination\BPXO_L.xpt,696720
2021-August_2023,Laboratory,GHB,GHB_L.xpt,2021-August_2023\Laboratory\GHB_L.xpt,D:\47\472\New-Papers\Integrated Personalized Disability-Aware\Experiments\data_raw\Downloaded\2021-August_2023\Laboratory\GHB_L.xpt,174000
2021-August_2023,Laboratory,GLU,GLU_L.xpt,2021-August_2023\Laboratory\GLU_L.xpt,D:\47\472\New-Papers\Integrated Personalized Disability-Aware\Experiments\data_raw\Downloaded\2021-August_2023\Laboratory\GLU_L.xpt,129200
2021-August_2023,Laboratory,HDL,HDL_L.xpt,2021-August_2023\Laboratory\HDL_L.xpt,D:\47\472\New-Papers\Integrated Personalized Disability-Aware\Experiments\data_raw\Downloaded\2021-August_2023\Laboratory\HDL_L.xpt,259520
2021-August_2023,Laboratory,TCHOL,TCHOL_L.xpt,2021-August_2023\Laboratory\TCHOL_L.xpt,D:\47\472\New-Papers\Integrated Personalized Disability-Aware\Experiments\data_raw\Downloaded\2021-August_2023\Laboratory\TCHOL_L.xpt,259520
2021-August_2023,Laboratory,TRIGLY,TRIGLY_L.xpt,2021-August_2023\Laboratory\TRIGLY_L.xpt,D:\47\472\New-Papers\Integrated Personalized Disability-Aware\Experiments\data_raw\Downloaded\2021-August_2023\Laboratory\TRIGLY_L.xpt,321840
2021-August_2023,Questionnaire,BPQ,BPQ_L.xpt,2021-August_2023\Questionnaire\BPQ_L.xpt,D:\47\472\New-Papers\Integrated Personalized Disability-Aware\Experiments\data_raw\Downloaded\2021-August_2023\Questionnaire\BPQ_L.xpt,409680
2021-August_2023,Questionnaire,DPQ,DPQ_L.xpt,2021-August_2023\Questionnaire\DPQ_L.xpt,D:\47\472\New-Papers\Integrated Personalized Disability-Aware\Experiments\data_raw\Downloaded\2021-August_2023\Questionnaire\DPQ_L.xpt,560000
2021-August_2023,Questionnaire,FNQ,FNQ_L.xpt,2021-August_2023\Questionnaire\FNQ_L.xpt,D:\47\472\New-Papers\Integrated Personalized Disability-Aware\Experiments\data_raw\Downloaded\2021-August_2023\Questionnaire\FNQ_L.xpt,2806400
2021-August_2023,Questionnaire,MCQ,MCQ_L.xpt,2021-August_2023\Questionnaire\MCQ_L.xpt,D:\47\472\New-Papers\Integrated Personalized Disability-Aware\Experiments\data_raw\Downloaded\2021-August_2023\Questionnaire\MCQ_L.xpt,3294000
2021-August_2023,Questionnaire,PAQ,PAQ_L.xpt,2021-August_2023\Questionnaire\PAQ_L.xpt,D:\47\472\New-Papers\Integrated Personalized Disability-Aware\Experiments\data_raw\Downloaded\2021-August_2023\Questionnaire\PAQ_L.xpt,409520
2021-August_2023,Questionnaire,PAQY,PAQY_L.xpt,2021-August_2023\Questionnaire\PAQY_L.xpt,D:\47\472\New-Papers\Integrated Personalized Disability-Aware\Experiments\data_raw\Downloaded\2021-August_2023\Questionnaire\PAQY_L.xpt,44800
2021-August_2023,Questionnaire,RXQ_RX,RXQ_RX_L.xpt,2021-August_2023\Questionnaire\RXQ_RX_L.xpt,D:\47\472\New-Papers\Integrated Personalized Disability-Aware\Experiments\data_raw\Downloaded\2021-August_2023\Questionnaire\RXQ_RX_L.xpt,287600
2021-August_2023,Questionnaire,SMQ,SMQ_L.xpt,2021-August_2023\Questionnaire\SMQ_L.xpt,D:\47\472\New-Papers\Integrated Personalized Disability-Aware\Experiments\data_raw\Downloaded\2021-August_2023\Questionnaire\SMQ_L.xpt,651120
2021-August_2023,Questionnaire,SMQFAM,SMQFAM_L.xpt,2021-August_2023\Questionnaire\SMQFAM_L.xpt,D:\47\472\New-Papers\Integrated Personalized Disability-Aware\Experiments\data_raw\Downloaded\2021-August_2023\Questionnaire\SMQFAM_L.xpt,287600
2021-August_2023,Questionnaire,SMQRTU,SMQRTU_L.xpt,2021-August_2023\Questionnaire\SMQRTU_L.xpt,D:\47\472\New-Papers\Integrated Personalized Disability-Aware\Experiments\data_raw\Downloaded\2021-August_2023\Questionnaire\SMQRTU_L.xpt,1213120
