cycle_label,cycle_code,component,file_code,description,url,filename,selected_for_download
2017-March_2020_PrePandemic,2017-2020,Demographics,P_DEMO,2017-2020 Demographic Variables and Sample Weights P_DEMO Doc P_DEMO Data [XPT - 3.4 MB] May 2021,https://wwwn.cdc.gov/Nchs/Data/Nhanes/Public/2017/DataFiles/P_DEMO.xpt,P_DEMO.xpt,False
2017-March_2020_PrePandemic,2017-2020,Dietary,DSBI,1999-2023 Dietary Supplement Database - Blend Information DSBI Doc DSBI Data [XPT - 10 MB] February 2025,https://wwwn.cdc.gov/Nchs/Data/Nhanes/Public/1999/DataFiles/DSBI.xpt,DSBI.xpt,True
2017-March_2020_PrePandemic,2017-2020,Dietary,DSII,1999-2023 Dietary Supplement Database - Ingredient Information DSII Doc DSII Data [XPT - 82.4 MB] February 2025,https://wwwn.cdc.gov/Nchs/Data/Nhanes/Public/1999/DataFiles/DSII.xpt,DSII.xpt,True
2017-March_2020_PrePandemic,2017-2020,Dietary,DSPI,1999-2023 Dietary Supplement Database - Product Information DSPI Doc DSPI Data [XPT - 6.5 MB] February 2025,https://wwwn.cdc.gov/Nchs/Data/Nhanes/Public/1999/DataFiles/DSPI.xpt,DSPI.xpt,True
2017-March_2020_PrePandemic,2017-2020,Dietary,P_DR1IFF,"2017-2020 Dietary Interview - Individual Foods, First Day P_DR1IFF Doc P_DR1IFF Data [XPT - 117.9 MB] July 2022",https://wwwn.cdc.gov/Nchs/Data/Nhanes/Public/2017/DataFiles/P_DR1IFF.xpt,P_DR1IFF.xpt,True
2017-March_2020_PrePandemic,2017-2020,Dietary,P_DR1TOT,"2017-2020 Dietary Interview - Total Nutrient Intakes, First Day P_DR1TOT Doc P_DR1TOT Data [XPT - 18.4 MB] July 2022",https://wwwn.cdc.gov/Nchs/Data/Nhanes/Public/2017/DataFiles/P_DR1TOT.xpt,P_DR1TOT.xpt,True
2017-March_2020_PrePandemic,2017-2020,Dietary,P_DR2IFF,"2017-2020 Dietary Interview - Individual Foods, Second Day P_DR2IFF Doc P_DR2IFF Data [XPT - 95.8 MB] July 2022",https://wwwn.cdc.gov/Nchs/Data/Nhanes/Public/2017/DataFiles/P_DR2IFF.xpt,P_DR2IFF.xpt,True
2017-March_2020_PrePandemic,2017-2020,Dietary,P_DR2TOT,"2017-2020 Dietary Interview - Total Nutrient Intakes, Second Day P_DR2TOT Doc P_DR2TOT Data [XPT - 9.3 MB] July 2022",https://wwwn.cdc.gov/Nchs/Data/Nhanes/Public/2017/DataFiles/P_DR2TOT.xpt,P_DR2TOT.xpt,True
2017-March_2020_PrePandemic,2017-2020,Dietary,P_DRXFCD,2017-2020 Dietary Interview Technical Support File - Food Codes P_DRXFCD Doc P_DRXFCD Data [XPT - 4.7 MB] July 2022,https://wwwn.cdc.gov/Nchs/Data/Nhanes/Public/2017/DataFiles/P_DRXFCD.xpt,P_DRXFCD.xpt,True
2017-March_2020_PrePandemic,2017-2020,Dietary,P_DS1IDS,"2017-2020 Dietary Supplement Use 24-Hour - Individual Dietary Supplements, First Day P_DS1IDS Doc P_DS1IDS Data [XPT - 5.4 MB] July 2022",https://wwwn.cdc.gov/Nchs/Data/Nhanes/Public/2017/DataFiles/P_DS1IDS.xpt,P_DS1IDS.xpt,True
2017-March_2020_PrePandemic,2017-2020,Dietary,P_DS1TOT,"2017-2020 Dietary Supplement Use 24-Hour - Total Dietary Supplements, First Day P_DS1TOT Doc P_DS1TOT Data [XPT - 5.4 MB] July 2022",https://wwwn.cdc.gov/Nchs/Data/Nhanes/Public/2017/DataFiles/P_DS1TOT.xpt,P_DS1TOT.xpt,True
2017-March_2020_PrePandemic,2017-2020,Dietary,P_DS2IDS,"2017-2020 Dietary Supplement Use 24-Hour - Individual Dietary Supplements, Second Day P_DS2IDS Doc P_DS2IDS Data [XPT - 5.1 MB] July 2022",https://wwwn.cdc.gov/Nchs/Data/Nhanes/Public/2017/DataFiles/P_DS2IDS.xpt,P_DS2IDS.xpt,True
2017-March_2020_PrePandemic,2017-2020,Dietary,P_DS2TOT,"2017-2020 Dietary Supplement Use 24-Hour - Total Dietary Supplements, Second Day P_DS2TOT Doc P_DS2TOT Data [XPT - 5.4 MB] July 2022",https://wwwn.cdc.gov/Nchs/Data/Nhanes/Public/2017/DataFiles/P_DS2TOT.xpt,P_DS2TOT.xpt,True
2017-March_2020_PrePandemic,2017-2020,Dietary,P_DSQIDS,2017-2020 Dietary Supplement Use 30-Day - Individual Dietary Supplements P_DSQIDS Doc P_DSQIDS Data [XPT - 14.2 MB] Updated July 2022,https://wwwn.cdc.gov/Nchs/Data/Nhanes/Public/2017/DataFiles/P_DSQIDS.xpt,P_DSQIDS.xpt,True
2017-March_2020_PrePandemic,2017-2020,Dietary,P_DSQTOT,2017-2020 Dietary Supplement Use 30-Day - Total Dietary Supplements P_DSQTOT Doc P_DSQTOT Data [XPT - 4.6 MB] Updated July 2022,https://wwwn.cdc.gov/Nchs/Data/Nhanes/Public/2017/DataFiles/P_DSQTOT.xpt,P_DSQTOT.xpt,True
2017-March_2020_PrePandemic,2017-2020,Examination,P_AUX,2017-2020 Audiometry P_AUX Doc P_AUX Data [XPT - 3.5 MB] March 2022,https://wwwn.cdc.gov/Nchs/Data/Nhanes/Public/2017/DataFiles/P_AUX.xpt,P_AUX.xpt,False
2017-March_2020_PrePandemic,2017-2020,Examination,P_AUXAR,2017-2020 Audiometry - Acoustic Reflex P_AUXAR Doc P_AUXAR Data [XPT - 144 MB] March 2022,https://wwwn.cdc.gov/Nchs/Data/Nhanes/Public/2017/DataFiles/P_AUXAR.xpt,P_AUXAR.xpt,False
2017-March_2020_PrePandemic,2017-2020,Examination,P_AUXTYM,2017-2020 Audiometry - Tympanometry P_AUXTYM Doc P_AUXTYM Data [XPT - 35 MB] March 2022,https://wwwn.cdc.gov/Nchs/Data/Nhanes/Public/2017/DataFiles/P_AUXTYM.xpt,P_AUXTYM.xpt,False
2017-March_2020_PrePandemic,2017-2020,Examination,P_AUXWBR,2017-2020 Audiometry - Wideband Reflectance P_AUXWBR Doc P_AUXWBR Data [XPT - 22.8 MB] March 2022,https://wwwn.cdc.gov/Nchs/Data/Nhanes/Public/2017/DataFiles/P_AUXWBR.xpt,P_AUXWBR.xpt,False
2017-March_2020_PrePandemic,2017-2020,Examination,P_BMX,2017-2020 Body Measures P_BMX Doc P_BMX Data [XPT - 2.4 MB] May 2021,https://wwwn.cdc.gov/Nchs/Data/Nhanes/Public/2017/DataFiles/P_BMX.xpt,P_BMX.xpt,True
2017-March_2020_PrePandemic,2017-2020,Examination,P_BPXO,2017-2020 Blood Pressure - Oscillometric Measurement P_BPXO Doc P_BPXO Data [XPT - 1015.5 KB] May 2021,https://wwwn.cdc.gov/Nchs/Data/Nhanes/Public/2017/DataFiles/P_BPXO.xpt,P_BPXO.xpt,True
2017-March_2020_PrePandemic,2017-2020,Examination,P_DXXFEM,2017-2020 Dual-Energy X-ray Absorptiometry - Femur P_DXXFEM Doc P_DXXFEM Data [XPT - 721.1 KB] September 2021,https://wwwn.cdc.gov/Nchs/Data/Nhanes/Public/2017/DataFiles/P_DXXFEM.xpt,P_DXXFEM.xpt,False
2017-March_2020_PrePandemic,2017-2020,Examination,P_DXXSPN,2017-2020 Dual-Energy X-ray Absorptiometry - Spine P_DXXSPN Doc P_DXXSPN Data [XPT - 865.2 KB] September 2021,https://wwwn.cdc.gov/Nchs/Data/Nhanes/Public/2017/DataFiles/P_DXXSPN.xpt,P_DXXSPN.xpt,False
2017-March_2020_PrePandemic,2017-2020,Examination,P_LUX,2017-2020 Liver Ultrasound Transient Elastography P_LUX Doc P_LUX Data [XPT - 1.1 MB] January 2022,https://wwwn.cdc.gov/Nchs/Data/Nhanes/Public/2017/DataFiles/P_LUX.xpt,P_LUX.xpt,False
2017-March_2020_PrePandemic,2017-2020,Examination,P_OHXDEN,2017-2020 Oral Health - Dentition P_OHXDEN Doc P_OHXDEN Data [XPT - 14.7 MB] Updated June 2021,https://wwwn.cdc.gov/Nchs/Data/Nhanes/Public/2017/DataFiles/P_OHXDEN.xpt,P_OHXDEN.xpt,False
2017-March_2020_PrePandemic,2017-2020,Examination,P_OHXREF,2017-2020 Oral Health - Recommendation of Care P_OHXREF Doc P_OHXREF Data [XPT - 1.3 MB] May 2021,https://wwwn.cdc.gov/Nchs/Data/Nhanes/Public/2017/DataFiles/P_OHXREF.xpt,P_OHXREF.xpt,False
2017-March_2020_PrePandemic,2017-2020,Laboratory,P_ALB_CR,2017-2020 Albumin & Creatinine - Urine P_ALB_CR Doc P_ALB_CR Data [XPT - 816 KB] August 2021,https://wwwn.cdc.gov/Nchs/Data/Nhanes/Public/2017/DataFiles/P_ALB_CR.xpt,P_ALB_CR.xpt,False
2017-March_2020_PrePandemic,2017-2020,Laboratory,P_BIOPRO,2017-2020 Standard Biochemistry Profile P_BIOPRO Doc P_BIOPRO Data [XPT - 3.3 MB] August 2021,https://wwwn.cdc.gov/Nchs/Data/Nhanes/Public/2017/DataFiles/P_BIOPRO.xpt,P_BIOPRO.xpt,False
2017-March_2020_PrePandemic,2017-2020,Laboratory,P_CBC,2017-2020 Complete Blood Count with 5-Part Differential in Whole Blood P_CBC Doc P_CBC Data [XPT - 2.3 MB] June 2021,https://wwwn.cdc.gov/Nchs/Data/Nhanes/Public/2017/DataFiles/P_CBC.xpt,P_CBC.xpt,False
2017-March_2020_PrePandemic,2017-2020,Laboratory,P_CMV,2017-2020 Cytomegalovirus IgG & IgM Antibodies - Serum P_CMV Doc P_CMV Data [XPT - 50.5 KB] August 2021,https://wwwn.cdc.gov/Nchs/Data/Nhanes/Public/2017/DataFiles/P_CMV.xpt,P_CMV.xpt,False
2017-March_2020_PrePandemic,2017-2020,Laboratory,P_COT,2017-2020 Cotinine and Hydroxycotinine - Serum P_COT Doc P_COT Data [XPT - 510.3 KB] July 2022,https://wwwn.cdc.gov/Nchs/Data/Nhanes/Public/2017/DataFiles/P_COT.xpt,P_COT.xpt,False
2017-March_2020_PrePandemic,2017-2020,Laboratory,P_CRCO,2017-2020 Chromium & Cobalt P_CRCO Doc P_CRCO Data [XPT - 327.1 KB] November 2021,https://wwwn.cdc.gov/Nchs/Data/Nhanes/Public/2017/DataFiles/P_CRCO.xpt,P_CRCO.xpt,False
2017-March_2020_PrePandemic,2017-2020,Laboratory,P_ETHOX,2017-2020 Ethylene Oxide P_ETHOX Doc P_ETHOX Data [XPT - 128.2 KB] February 2023,https://wwwn.cdc.gov/Nchs/Data/Nhanes/Public/2017/DataFiles/P_ETHOX.xpt,P_ETHOX.xpt,False
2017-March_2020_PrePandemic,2017-2020,Laboratory,P_FASTQX,2017-2020 Fasting Questionnaire P_FASTQX Doc P_FASTQX Data [XPT - 2 MB] May 2021,https://wwwn.cdc.gov/Nchs/Data/Nhanes/Public/2017/DataFiles/P_FASTQX.xpt,P_FASTQX.xpt,False
2017-March_2020_PrePandemic,2017-2020,Laboratory,P_FERTIN,2017-2020 Ferritin P_FERTIN Doc P_FERTIN Data [XPT - 282 KB] July 2021,https://wwwn.cdc.gov/Nchs/Data/Nhanes/Public/2017/DataFiles/P_FERTIN.xpt,P_FERTIN.xpt,False
2017-March_2020_PrePandemic,2017-2020,Laboratory,P_FETIB,2017-2020 Iron Status - Serum P_FETIB Doc P_FETIB Data [XPT - 733.9 KB] August 2021,https://wwwn.cdc.gov/Nchs/Data/Nhanes/Public/2017/DataFiles/P_FETIB.xpt,P_FETIB.xpt,False
2017-March_2020_PrePandemic,2017-2020,Laboratory,P_FOLATE,2017-2020 Folate - RBC P_FOLATE Doc P_FOLATE Data [XPT - 263.4 KB] December 2021,https://wwwn.cdc.gov/Nchs/Data/Nhanes/Public/2017/DataFiles/P_FOLATE.xpt,P_FOLATE.xpt,False
2017-March_2020_PrePandemic,2017-2020,Laboratory,P_FOLFMS,2017-2020 Folate Forms - Total & Individual - Serum P_FOLFMS Doc P_FOLFMS Data [XPT - 1 MB] December 2021,https://wwwn.cdc.gov/Nchs/Data/Nhanes/Public/2017/DataFiles/P_FOLFMS.xpt,P_FOLFMS.xpt,False
2017-March_2020_PrePandemic,2017-2020,Laboratory,P_FR,2017-2020 Flame Retardants - Urine P_FR Doc P_FR Data [XPT - 541.8 KB] May 2023,https://wwwn.cdc.gov/Nchs/Data/Nhanes/Public/2017/DataFiles/P_FR.xpt,P_FR.xpt,False
2017-March_2020_PrePandemic,2017-2020,Laboratory,P_GHB,2017-2020 Glycohemoglobin P_GHB Doc P_GHB Data [XPT - 163.7 KB] May 2021,https://wwwn.cdc.gov/Nchs/Data/Nhanes/Public/2017/DataFiles/P_GHB.xpt,P_GHB.xpt,True
2017-March_2020_PrePandemic,2017-2020,Laboratory,P_GLU,2017-2020 Plasma Fasting Glucose P_GLU Doc P_GLU Data [XPT - 160.3 KB] May 2021,https://wwwn.cdc.gov/Nchs/Data/Nhanes/Public/2017/DataFiles/P_GLU.xpt,P_GLU.xpt,True
2017-March_2020_PrePandemic,2017-2020,Laboratory,P_HDL,2017-2020 Cholesterol - High - Density Lipoprotein (HDL) P_HDL Doc P_HDL Data [XPT - 287.1 KB] August 2021,https://wwwn.cdc.gov/Nchs/Data/Nhanes/Public/2017/DataFiles/P_HDL.xpt,P_HDL.xpt,True
2017-March_2020_PrePandemic,2017-2020,Laboratory,P_HEPA,2017-2020 Hepatitis A P_HEPA Doc P_HEPA Data [XPT - 210.6 KB] August 2022,https://wwwn.cdc.gov/Nchs/Data/Nhanes/Public/2017/DataFiles/P_HEPA.xpt,P_HEPA.xpt,False
2017-March_2020_PrePandemic,2017-2020,Laboratory,P_HEPBD,"2017-2020 Hepatitis B: Core antibody, Surface antigen, and Hepatitis D: antibody P_HEPBD Doc P_HEPBD Data [XPT - 477.9 KB] Updated January 2026",https://wwwn.cdc.gov/Nchs/Data/Nhanes/Public/2017/DataFiles/P_HEPBD.xpt,P_HEPBD.xpt,False
2017-March_2020_PrePandemic,2017-2020,Laboratory,P_HEPB_S,2017-2020 Hepatitis B Surface Antibody P_HEPB_S Doc P_HEPB_S Data [XPT - 210.6 KB] August 2022,https://wwwn.cdc.gov/Nchs/Data/Nhanes/Public/2017/DataFiles/P_HEPB_S.xpt,P_HEPB_S.xpt,False
2017-March_2020_PrePandemic,2017-2020,Laboratory,P_HEPC,"2017-2020 Hepatitis C: RNA (HCV-RNA), Confirmed Antibody (INNO-LIA), & Genotype P_HEPC Doc P_HEPC Data [XPT - 382.5 KB] June 2022",https://wwwn.cdc.gov/Nchs/Data/Nhanes/Public/2017/DataFiles/P_HEPC.xpt,P_HEPC.xpt,False
2017-March_2020_PrePandemic,2017-2020,Laboratory,P_HEPE,2017-2020 Hepatitis E: IgG & IgM Antibodies P_HEPE Doc P_HEPE Data [XPT - 287.1 KB] August 2022,https://wwwn.cdc.gov/Nchs/Data/Nhanes/Public/2017/DataFiles/P_HEPE.xpt,P_HEPE.xpt,False
2017-March_2020_PrePandemic,2017-2020,Laboratory,P_HSCRP,2017-2020 High-Sensitivity C-Reactive Protein P_HSCRP Doc P_HSCRP Data [XPT - 324 KB] August 2021,https://wwwn.cdc.gov/Nchs/Data/Nhanes/Public/2017/DataFiles/P_HSCRP.xpt,P_HSCRP.xpt,False
2017-March_2020_PrePandemic,2017-2020,Laboratory,P_IHGEM,"2017-2020 Inorganic, Ethyl and Methyl - Blood P_IHGEM Doc P_IHGEM Data [XPT - 1.1 MB] November 2021",https://wwwn.cdc.gov/Nchs/Data/Nhanes/Public/2017/DataFiles/P_IHGEM.xpt,P_IHGEM.xpt,False
2017-March_2020_PrePandemic,2017-2020,Laboratory,P_INS,2017-2020 Insulin P_INS Doc P_INS Data [XPT - 200.2 KB] August 2021,https://wwwn.cdc.gov/Nchs/Data/Nhanes/Public/2017/DataFiles/P_INS.xpt,P_INS.xpt,False
2017-March_2020_PrePandemic,2017-2020,Laboratory,P_OPD,2017-2020 Organophosphate Insecticides - Dialkyl Phosphate Metabolites - Urine P_OPD Doc P_OPD Data [XPT - 541.8 KB] November 2023,https://wwwn.cdc.gov/Nchs/Data/Nhanes/Public/2017/DataFiles/P_OPD.xpt,P_OPD.xpt,False
2017-March_2020_PrePandemic,2017-2020,Laboratory,P_PBCD,"2017-2020 Lead, Cadmium, Total Mercury, Selenium, & Manganese - Blood P_PBCD Doc P_PBCD Data [XPT - 1.7 MB] November 2021",https://wwwn.cdc.gov/Nchs/Data/Nhanes/Public/2017/DataFiles/P_PBCD.xpt,P_PBCD.xpt,False
2017-March_2020_PrePandemic,2017-2020,Laboratory,P_PERNT,"2017-2020 Perchlorate, Nitrate & Thiocyanate - Urine P_PERNT Doc P_PERNT Data [XPT - 307.4 KB] September 2023",https://wwwn.cdc.gov/Nchs/Data/Nhanes/Public/2017/DataFiles/P_PERNT.xpt,P_PERNT.xpt,False
2017-March_2020_PrePandemic,2017-2020,Laboratory,P_PFAS,2017-2020 Perfluoroalkyl and Polyfluoroalkyl Substances P_PFAS Doc P_PFAS Data [XPT - 544.1 KB] May 2024,https://wwwn.cdc.gov/Nchs/Data/Nhanes/Public/2017/DataFiles/P_PFAS.xpt,P_PFAS.xpt,False
2017-March_2020_PrePandemic,2017-2020,Laboratory,P_SSAGP,2017-2020 Alpha-1-Acid Glycoprotein - Serum (Surplus) P_SSAGP Doc P_SSAGP Data [XPT - 90.8 KB] June 2024,https://wwwn.cdc.gov/Nchs/Data/Nhanes/Public/2017/DataFiles/P_SSAGP.xpt,P_SSAGP.xpt,False
2017-March_2020_PrePandemic,2017-2020,Laboratory,P_SSFR,2017-2020 Flame Retardants - Urine (Surplus) P_SSFR Doc P_SSFR Data [XPT - 232.7 KB] January 2024,https://wwwn.cdc.gov/Nchs/Data/Nhanes/Public/2017/DataFiles/P_SSFR.xpt,P_SSFR.xpt,False
2017-March_2020_PrePandemic,2017-2020,Laboratory,P_SSMMRV,"2017-2020 Measles, Mumps, Rubella, & Varicella – Serum (Surplus) P_SSMMRV Doc P_SSMMRV Data [XPT - 1.1 MB] December 2025",https://wwwn.cdc.gov/Nchs/Data/Nhanes/Public/2017/DataFiles/P_SSMMRV.xpt,P_SSMMRV.xpt,False
2017-March_2020_PrePandemic,2017-2020,Laboratory,P_SSUVCM,2017-2020 Volatile Organic Compound (VOC) Metabolites: Benzene and Methylating Agent Biomarkers - Urine (Surplus) P_SSUVCM Doc P_SSUVCM Data [XPT - 230.8 KB] January 2026,https://wwwn.cdc.gov/Nchs/Data/Nhanes/Public/2017/DataFiles/P_SSUVCM.xpt,P_SSUVCM.xpt,False
2017-March_2020_PrePandemic,2017-2020,Laboratory,P_TCHOL,2017-2020 Cholesterol - Total P_TCHOL Doc P_TCHOL Data [XPT - 287.1 KB] August 2021,https://wwwn.cdc.gov/Nchs/Data/Nhanes/Public/2017/DataFiles/P_TCHOL.xpt,P_TCHOL.xpt,True
2017-March_2020_PrePandemic,2017-2020,Laboratory,P_TFR,2017-2020 Transferrin Receptor P_TFR Doc P_TFR Data [XPT - 108.3 KB] July 2022,https://wwwn.cdc.gov/Nchs/Data/Nhanes/Public/2017/DataFiles/P_TFR.xpt,P_TFR.xpt,False
2017-March_2020_PrePandemic,2017-2020,Laboratory,P_TRIGLY,2017-2020 Cholesterol - Low-Density Lipoproteins (LDL) & Triglycerides P_TRIGLY Doc P_TRIGLY Data [XPT - 399.8 KB] October 2021,https://wwwn.cdc.gov/Nchs/Data/Nhanes/Public/2017/DataFiles/P_TRIGLY.xpt,P_TRIGLY.xpt,True
2017-March_2020_PrePandemic,2017-2020,Laboratory,P_TST,2017-2020 Sex Steroid Hormone Panel - Serum P_TST Doc P_TST Data [XPT - 2.7 MB] December 2024,https://wwwn.cdc.gov/Nchs/Data/Nhanes/Public/2017/DataFiles/P_TST.xpt,P_TST.xpt,False
2017-March_2020_PrePandemic,2017-2020,Laboratory,P_UAS,2017-2020 Arsenics - Speciated - Urine P_UAS Doc P_UAS Data [XPT - 537.5 KB] November 2021,https://wwwn.cdc.gov/Nchs/Data/Nhanes/Public/2017/DataFiles/P_UAS.xpt,P_UAS.xpt,False
2017-March_2020_PrePandemic,2017-2020,Laboratory,P_UCFLOW,2017-2020 Urine Flow Rate P_UCFLOW Doc P_UCFLOW Data [XPT - 1019.8 KB] June 2021,https://wwwn.cdc.gov/Nchs/Data/Nhanes/Public/2017/DataFiles/P_UCFLOW.xpt,P_UCFLOW.xpt,False
2017-March_2020_PrePandemic,2017-2020,Laboratory,P_UCM,2017-2020 Chromium - Urine P_UCM Doc P_UCM Data [XPT - 154.1 KB] November 2021,https://wwwn.cdc.gov/Nchs/Data/Nhanes/Public/2017/DataFiles/P_UCM.xpt,P_UCM.xpt,False
2017-March_2020_PrePandemic,2017-2020,Laboratory,P_UCPREG,2017-2020 Urine Pregnancy Test P_UCPREG Doc P_UCPREG Data [XPT - 28.4 KB] June 2021,https://wwwn.cdc.gov/Nchs/Data/Nhanes/Public/2017/DataFiles/P_UCPREG.xpt,P_UCPREG.xpt,False
2017-March_2020_PrePandemic,2017-2020,Laboratory,P_UHG,2017-2020 Mercury: Inorganic - Urine P_UHG Doc P_UHG Data [XPT - 154.1 KB] November 2021,https://wwwn.cdc.gov/Nchs/Data/Nhanes/Public/2017/DataFiles/P_UHG.xpt,P_UHG.xpt,False
2017-March_2020_PrePandemic,2017-2020,Laboratory,P_UIO,2017-2020 Iodine - Urine P_UIO Doc P_UIO Data [XPT - 154.1 KB] November 2021,https://wwwn.cdc.gov/Nchs/Data/Nhanes/Public/2017/DataFiles/P_UIO.xpt,P_UIO.xpt,False
2017-March_2020_PrePandemic,2017-2020,Laboratory,P_UM,2017-2020 Metals - Urine P_UM Doc P_UM Data [XPT - 920.9 KB] November 2021,https://wwwn.cdc.gov/Nchs/Data/Nhanes/Public/2017/DataFiles/P_UM.xpt,P_UM.xpt,False
2017-March_2020_PrePandemic,2017-2020,Laboratory,P_UNI,2017-2020 Nickel - Urine P_UNI Doc P_UNI Data [XPT - 154.1 KB] November 2021,https://wwwn.cdc.gov/Nchs/Data/Nhanes/Public/2017/DataFiles/P_UNI.xpt,P_UNI.xpt,False
2017-March_2020_PrePandemic,2017-2020,Laboratory,P_UTAS,2017-2020 Arsenic - Total - Urine P_UTAS Doc P_UTAS Data [XPT - 154.1 KB] November 2021,https://wwwn.cdc.gov/Nchs/Data/Nhanes/Public/2017/DataFiles/P_UTAS.xpt,P_UTAS.xpt,False
2017-March_2020_PrePandemic,2017-2020,Laboratory,P_UVOC,2017-2020 Volatile Organic Compound (VOC) Metabolites - Urine P_UVOC Doc P_UVOC Data [XPT - 1.6 MB] September 2022,https://wwwn.cdc.gov/Nchs/Data/Nhanes/Public/2017/DataFiles/P_UVOC.xpt,P_UVOC.xpt,False
2017-March_2020_PrePandemic,2017-2020,Laboratory,P_UVOC2,2017-2020 Volatile Organic Compound (VOC) Metabolites II - Urine P_UVOC2 Doc P_UVOC2 Data [XPT - 230.8 KB] September 2022,https://wwwn.cdc.gov/Nchs/Data/Nhanes/Public/2017/DataFiles/P_UVOC2.xpt,P_UVOC2.xpt,False
2017-March_2020_PrePandemic,2017-2020,Laboratory,P_VOCWB,2017-2020 Volatile Organic Compounds and Trihalomethanes/MTBE - Blood P_VOCWB Doc P_VOCWB Data [XPT - 3.3 MB] November 2021,https://wwwn.cdc.gov/Nchs/Data/Nhanes/Public/2017/DataFiles/P_VOCWB.xpt,P_VOCWB.xpt,False
2017-March_2020_PrePandemic,2017-2020,Questionnaire,P_ACQ,2017-2020 Acculturation P_ACQ Doc P_ACQ Data [XPT - 664.8 KB] September 2021,https://wwwn.cdc.gov/Nchs/Data/Nhanes/Public/2017/DataFiles/P_ACQ.xpt,P_ACQ.xpt,False
2017-March_2020_PrePandemic,2017-2020,Questionnaire,P_ALQ,2017-2020 Alcohol Use P_ALQ Doc P_ALQ Data [XPT - 702.5 KB] January 2022,https://wwwn.cdc.gov/Nchs/Data/Nhanes/Public/2017/DataFiles/P_ALQ.xpt,P_ALQ.xpt,False
2017-March_2020_PrePandemic,2017-2020,Questionnaire,P_AUQ,2017-2020 Audiometry P_AUQ Doc P_AUQ Data [XPT - 6.6 MB] September 2021,https://wwwn.cdc.gov/Nchs/Data/Nhanes/Public/2017/DataFiles/P_AUQ.xpt,P_AUQ.xpt,False
2017-March_2020_PrePandemic,2017-2020,Questionnaire,P_BPQ,2017-2020 Blood Pressure & Cholesterol P_BPQ Doc P_BPQ Data [XPT - 878.4 KB] May 2021,https://wwwn.cdc.gov/Nchs/Data/Nhanes/Public/2017/DataFiles/P_BPQ.xpt,P_BPQ.xpt,True
2017-March_2020_PrePandemic,2017-2020,Questionnaire,P_CBQPFA,2017-2020 Consumer Behavior Phone Follow-up Module - Adult P_CBQPFA Doc P_CBQPFA Data [XPT - 4.3 MB] September 2022,https://wwwn.cdc.gov/Nchs/Data/Nhanes/Public/2017/DataFiles/P_CBQPFA.xpt,P_CBQPFA.xpt,False
2017-March_2020_PrePandemic,2017-2020,Questionnaire,P_CBQPFC,2017-2020 Consumer Behavior Phone Follow-up Module – Child P_CBQPFC Doc P_CBQPFC Data [XPT - 2 MB] September 2022,https://wwwn.cdc.gov/Nchs/Data/Nhanes/Public/2017/DataFiles/P_CBQPFC.xpt,P_CBQPFC.xpt,False
2017-March_2020_PrePandemic,2017-2020,Questionnaire,P_CDQ,2017-2020 Cardiovascular Health P_CDQ Doc P_CDQ Data [XPT - 857.5 KB] July 2021,https://wwwn.cdc.gov/Nchs/Data/Nhanes/Public/2017/DataFiles/P_CDQ.xpt,P_CDQ.xpt,False
2017-March_2020_PrePandemic,2017-2020,Questionnaire,P_DBQ,2017-2020 Diet Behavior & Nutrition P_DBQ Doc P_DBQ Data [XPT - 5.5 MB] Updated December 2021,https://wwwn.cdc.gov/Nchs/Data/Nhanes/Public/2017/DataFiles/P_DBQ.xpt,P_DBQ.xpt,False
2017-March_2020_PrePandemic,2017-2020,Questionnaire,P_DEQ,2017-2020 Dermatology P_DEQ Doc P_DEQ Data [XPT - 273.9 KB] June 2021,https://wwwn.cdc.gov/Nchs/Data/Nhanes/Public/2017/DataFiles/P_DEQ.xpt,P_DEQ.xpt,False
2017-March_2020_PrePandemic,2017-2020,Questionnaire,P_DIQ,2017-2020 Diabetes P_DIQ Doc P_DIQ Data [XPT - 3.2 MB] May 2021,https://wwwn.cdc.gov/Nchs/Data/Nhanes/Public/2017/DataFiles/P_DIQ.xpt,P_DIQ.xpt,False
2017-March_2020_PrePandemic,2017-2020,Questionnaire,P_DPQ,2017-2020 Mental Health - Depression Screener P_DPQ Doc P_DPQ Data [XPT - 772.7 KB] June 2021,https://wwwn.cdc.gov/Nchs/Data/Nhanes/Public/2017/DataFiles/P_DPQ.xpt,P_DPQ.xpt,True
2017-March_2020_PrePandemic,2017-2020,Questionnaire,P_ECQ,2017-2020 Early Childhood P_ECQ Doc P_ECQ Data [XPT - 421.2 KB] July 2021,https://wwwn.cdc.gov/Nchs/Data/Nhanes/Public/2017/DataFiles/P_ECQ.xpt,P_ECQ.xpt,False
2017-March_2020_PrePandemic,2017-2020,Questionnaire,P_FSQ,2017-2020 Food Security P_FSQ Doc P_FSQ Data [XPT - 2.4 MB] February 2022,https://wwwn.cdc.gov/Nchs/Data/Nhanes/Public/2017/DataFiles/P_FSQ.xpt,P_FSQ.xpt,False
2017-March_2020_PrePandemic,2017-2020,Questionnaire,P_HEQ,2017-2020 Hepatitis P_HEQ Doc P_HEQ Data [XPT - 517.7 KB] September 2021,https://wwwn.cdc.gov/Nchs/Data/Nhanes/Public/2017/DataFiles/P_HEQ.xpt,P_HEQ.xpt,False
2017-March_2020_PrePandemic,2017-2020,Questionnaire,P_HIQ,2017-2020 Health Insurance P_HIQ Doc P_HIQ Data [XPT - 1.7 MB] June 2021,https://wwwn.cdc.gov/Nchs/Data/Nhanes/Public/2017/DataFiles/P_HIQ.xpt,P_HIQ.xpt,False
2017-March_2020_PrePandemic,2017-2020,Questionnaire,P_HSQ,2017-2020 Current Health Status P_HSQ Doc P_HSQ Data [XPT - 148.6 KB] July 2021,https://wwwn.cdc.gov/Nchs/Data/Nhanes/Public/2017/DataFiles/P_HSQ.xpt,P_HSQ.xpt,False
2017-March_2020_PrePandemic,2017-2020,Questionnaire,P_HUQ,2017-2020 Hospital Utilization & Access to Care P_HUQ Doc P_HUQ Data [XPT - 852.7 KB] September 2021,https://wwwn.cdc.gov/Nchs/Data/Nhanes/Public/2017/DataFiles/P_HUQ.xpt,P_HUQ.xpt,False
2017-March_2020_PrePandemic,2017-2020,Questionnaire,P_IMQ,2017-2020 Immunization P_IMQ Doc P_IMQ Data [XPT - 1.3 MB] September 2021,https://wwwn.cdc.gov/Nchs/Data/Nhanes/Public/2017/DataFiles/P_IMQ.xpt,P_IMQ.xpt,False
2017-March_2020_PrePandemic,2017-2020,Questionnaire,P_INQ,2017-2020 Income P_INQ Doc P_INQ Data [XPT - 365.9 KB] December 2021,https://wwwn.cdc.gov/Nchs/Data/Nhanes/Public/2017/DataFiles/P_INQ.xpt,P_INQ.xpt,False
2017-March_2020_PrePandemic,2017-2020,Questionnaire,P_KIQ_U,2017-2020 Kidney Conditions - Urology P_KIQ_U Doc P_KIQ_U Data [XPT - 1.1 MB] August 2021,https://wwwn.cdc.gov/Nchs/Data/Nhanes/Public/2017/DataFiles/P_KIQ_U.xpt,P_KIQ_U.xpt,False
2017-March_2020_PrePandemic,2017-2020,Questionnaire,P_MCQ,2017-2020 Medical Conditions P_MCQ Doc P_MCQ Data [XPT - 7.2 MB] August 2021,https://wwwn.cdc.gov/Nchs/Data/Nhanes/Public/2017/DataFiles/P_MCQ.xpt,P_MCQ.xpt,True
2017-March_2020_PrePandemic,2017-2020,Questionnaire,P_OCQ,2017-2020 Occupation P_OCQ Doc P_OCQ Data [XPT - 479.5 KB] September 2021,https://wwwn.cdc.gov/Nchs/Data/Nhanes/Public/2017/DataFiles/P_OCQ.xpt,P_OCQ.xpt,False
2017-March_2020_PrePandemic,2017-2020,Questionnaire,P_OHQ,2017-2020 Oral Health P_OHQ Doc P_OHQ Data [XPT - 4.5 MB] May 2021,https://wwwn.cdc.gov/Nchs/Data/Nhanes/Public/2017/DataFiles/P_OHQ.xpt,P_OHQ.xpt,False
2017-March_2020_PrePandemic,2017-2020,Questionnaire,P_OSQ,2017-2020 Osteoporosis P_OSQ Doc P_OSQ Data [XPT - 3.7 MB] October 2021,https://wwwn.cdc.gov/Nchs/Data/Nhanes/Public/2017/DataFiles/P_OSQ.xpt,P_OSQ.xpt,False
2017-March_2020_PrePandemic,2017-2020,Questionnaire,P_PAQ,2017-2020 Physical Activity P_PAQ Doc P_PAQ Data [XPT - 1.3 MB] June 2021,https://wwwn.cdc.gov/Nchs/Data/Nhanes/Public/2017/DataFiles/P_PAQ.xpt,P_PAQ.xpt,True
2017-March_2020_PrePandemic,2017-2020,Questionnaire,P_PAQY,2017-2020 Physical Activity - Youth P_PAQY Doc P_PAQY Data [XPT - 76.2 KB] June 2021,https://wwwn.cdc.gov/Nchs/Data/Nhanes/Public/2017/DataFiles/P_PAQY.xpt,P_PAQY.xpt,True
2017-March_2020_PrePandemic,2017-2020,Questionnaire,P_PUQMEC,2017-2020 Pesticide Use P_PUQMEC Doc P_PUQMEC Data [XPT - 287.1 KB] June 2021,https://wwwn.cdc.gov/Nchs/Data/Nhanes/Public/2017/DataFiles/P_PUQMEC.xpt,P_PUQMEC.xpt,False
2017-March_2020_PrePandemic,2017-2020,Questionnaire,P_RHQ,2017-2020 Reproductive Health P_RHQ Doc P_RHQ Data [XPT - 1.3 MB] August 2021,https://wwwn.cdc.gov/Nchs/Data/Nhanes/Public/2017/DataFiles/P_RHQ.xpt,P_RHQ.xpt,False
2017-March_2020_PrePandemic,2017-2020,Questionnaire,P_RXQASA,2017-2020 Preventive Aspirin Use P_RXQASA Doc P_RXQASA Data [XPT - 202.3 KB] June 2021,https://wwwn.cdc.gov/Nchs/Data/Nhanes/Public/2017/DataFiles/P_RXQASA.xpt,P_RXQASA.xpt,False
2017-March_2020_PrePandemic,2017-2020,Questionnaire,P_RXQ_RX,2017-2020 Prescription Medications P_RXQ_RX Doc P_RXQ_RX Data [XPT - 15.4 MB] September 2021,https://wwwn.cdc.gov/Nchs/Data/Nhanes/Public/2017/DataFiles/P_RXQ_RX.xpt,P_RXQ_RX.xpt,True
2017-March_2020_PrePandemic,2017-2020,Questionnaire,P_SLQ,2017-2020 Sleep Disorders P_SLQ Doc P_SLQ Data [XPT - 759 KB] July 2021,https://wwwn.cdc.gov/Nchs/Data/Nhanes/Public/2017/DataFiles/P_SLQ.xpt,P_SLQ.xpt,False
2017-March_2020_PrePandemic,2017-2020,Questionnaire,P_SMQ,2017-2020 Smoking - Cigarette Use P_SMQ Doc P_SMQ Data [XPT - 1.4 MB] August 2021,https://wwwn.cdc.gov/Nchs/Data/Nhanes/Public/2017/DataFiles/P_SMQ.xpt,P_SMQ.xpt,True
2017-March_2020_PrePandemic,2017-2020,Questionnaire,P_SMQFAM,2017-2020 Smoking - Household Smokers P_SMQFAM Doc P_SMQFAM Data [XPT - 365.9 KB] December 2021,https://wwwn.cdc.gov/Nchs/Data/Nhanes/Public/2017/DataFiles/P_SMQFAM.xpt,P_SMQFAM.xpt,True
2017-March_2020_PrePandemic,2017-2020,Questionnaire,P_SMQRTU,2017-2020 Smoking - Recent Tobacco Use P_SMQRTU Doc P_SMQRTU Data [XPT - 2 MB] August 2021,https://wwwn.cdc.gov/Nchs/Data/Nhanes/Public/2017/DataFiles/P_SMQRTU.xpt,P_SMQRTU.xpt,True
2017-March_2020_PrePandemic,2017-2020,Questionnaire,P_SMQSHS,2017-2020 Smoking - Secondhand Smoke Exposure P_SMQSHS Doc P_SMQSHS Data [XPT - 1.8 MB] August 2021,https://wwwn.cdc.gov/Nchs/Data/Nhanes/Public/2017/DataFiles/P_SMQSHS.xpt,P_SMQSHS.xpt,True
2017-March_2020_PrePandemic,2017-2020,Questionnaire,P_VTQ,2017-2020 Volatile Toxicant P_VTQ Doc P_VTQ Data [XPT - 937.6 KB] November 2021,https://wwwn.cdc.gov/Nchs/Data/Nhanes/Public/2017/DataFiles/P_VTQ.xpt,P_VTQ.xpt,False
2017-March_2020_PrePandemic,2017-2020,Questionnaire,P_WHQ,2017-2020 Weight History P_WHQ Doc P_WHQ Data [XPT - 2.7 MB] November 2021,https://wwwn.cdc.gov/Nchs/Data/Nhanes/Public/2017/DataFiles/P_WHQ.xpt,P_WHQ.xpt,False
2017-March_2020_PrePandemic,2017-2020,Questionnaire,P_WHQMEC,2017-2020 Weight History - Youth P_WHQMEC Doc P_WHQMEC Data [XPT - 70.4 KB] November 2021,https://wwwn.cdc.gov/Nchs/Data/Nhanes/Public/2017/DataFiles/P_WHQMEC.xpt,P_WHQMEC.xpt,False
2017-March_2020_PrePandemic,2017-2020,Questionnaire,RXQ_DRUG,1988-2020 Prescription Medications - Drug Information RXQ_DRUG Doc RXQ_DRUG Data [XPT - 3.2 MB] Updated September 2021,https://wwwn.cdc.gov/Nchs/Data/Nhanes/Public/1988/DataFiles/RXQ_DRUG.xpt,RXQ_DRUG.xpt,True
2021-August_2023,2021-2023,Demographics,DEMO_L,Demographic Variables and Sample Weights DEMO_L Doc DEMO_L Data [XPT - 2.5 MB] September 2024,https://wwwn.cdc.gov/Nchs/Data/Nhanes/Public/2021/DataFiles/DEMO_L.xpt,DEMO_L.xpt,False
2021-August_2023,2021-2023,Dietary,DR1IFF_L,"Dietary Interview - Individual Foods, First Day DR1IFF_L Doc DR1IFF_L Data [XPT - 64.2 MB] October 2024",https://wwwn.cdc.gov/Nchs/Data/Nhanes/Public/2021/DataFiles/DR1IFF_L.xpt,DR1IFF_L.xpt,True
2021-August_2023,2021-2023,Dietary,DR1TOT_L,"Dietary Interview - Total Nutrient Intakes, First Day DR1TOT_L Doc DR1TOT_L Data [XPT - 11.4 MB] October 2024",https://wwwn.cdc.gov/Nchs/Data/Nhanes/Public/2021/DataFiles/DR1TOT_L.xpt,DR1TOT_L.xpt,True
2021-August_2023,2021-2023,Dietary,DR2IFF_L,"Dietary Interview - Individual Foods, Second Day DR2IFF_L Doc DR2IFF_L Data [XPT - 56.4 MB] October 2024",https://wwwn.cdc.gov/Nchs/Data/Nhanes/Public/2021/DataFiles/DR2IFF_L.xpt,DR2IFF_L.xpt,True
2021-August_2023,2021-2023,Dietary,DR2TOT_L,"Dietary Interview - Total Nutrient Intakes, Second Day DR2TOT_L Doc DR2TOT_L Data [XPT - 5.8 MB] October 2024",https://wwwn.cdc.gov/Nchs/Data/Nhanes/Public/2021/DataFiles/DR2TOT_L.xpt,DR2TOT_L.xpt,True
2021-August_2023,2021-2023,Dietary,DRXFCD_L,Dietary Interview Technical Support File - Food Codes DRXFCD_L Doc DRXFCD_L Data [XPT - 1.4 MB] October 2024,https://wwwn.cdc.gov/Nchs/Data/Nhanes/Public/2021/DataFiles/DRXFCD_L.xpt,DRXFCD_L.xpt,True
2021-August_2023,2021-2023,Dietary,DSBI,Dietary Supplement Database - Blend Information DSBI Doc DSBI Data [XPT - 10 MB] February 2025,https://wwwn.cdc.gov/Nchs/Data/Nhanes/Public/1999/DataFiles/DSBI.xpt,DSBI.xpt,True
2021-August_2023,2021-2023,Dietary,DSII,Dietary Supplement Database - Ingredient Information DSII Doc DSII Data [XPT - 82.4 MB] February 2025,https://wwwn.cdc.gov/Nchs/Data/Nhanes/Public/1999/DataFiles/DSII.xpt,DSII.xpt,True
2021-August_2023,2021-2023,Dietary,DSPI,Dietary Supplement Database - Product Information DSPI Doc DSPI Data [XPT - 6.5 MB] February 2025,https://wwwn.cdc.gov/Nchs/Data/Nhanes/Public/1999/DataFiles/DSPI.xpt,DSPI.xpt,True
2021-August_2023,2021-2023,Dietary,DSQIDS_L,Dietary Supplement Use 30-Day - Individual Dietary Supplements DSQIDS_L Doc DSQIDS_L Data [XPT - 6 MB] Updated April 2025,https://wwwn.cdc.gov/Nchs/Data/Nhanes/Public/2021/DataFiles/DSQIDS_L.xpt,DSQIDS_L.xpt,True
2021-August_2023,2021-2023,Dietary,DSQTOT_L,Dietary Supplement Use 30-Day - Total Dietary Supplements DSQTOT_L Doc DSQTOT_L Data [XPT - 2.7 MB] Updated April 2025,https://wwwn.cdc.gov/Nchs/Data/Nhanes/Public/2021/DataFiles/DSQTOT_L.xpt,DSQTOT_L.xpt,True
2021-August_2023,2021-2023,Examination,BAX_L,Balance BAX_L Doc BAX_L Data [XPT - 1.6 MB] October 2024,https://wwwn.cdc.gov/Nchs/Data/Nhanes/Public/2021/DataFiles/BAX_L.xpt,BAX_L.xpt,False
2021-August_2023,2021-2023,Examination,BMX_L,Body Measures BMX_L Doc BMX_L Data [XPT - 1.5 MB] September 2024,https://wwwn.cdc.gov/Nchs/Data/Nhanes/Public/2021/DataFiles/BMX_L.xpt,BMX_L.xpt,True
2021-August_2023,2021-2023,Examination,BPXO_L,Blood Pressure - Oscillometric Measurements BPXO_L Doc BPXO_L Data [XPT - 680.4 KB] September 2024,https://wwwn.cdc.gov/Nchs/Data/Nhanes/Public/2021/DataFiles/BPXO_L.xpt,BPXO_L.xpt,True
2021-August_2023,2021-2023,Examination,LUX_L,Liver Ultrasound Transient Elastography LUX_L Doc LUX_L Data [XPT - 747.7 KB] September 2024,https://wwwn.cdc.gov/Nchs/Data/Nhanes/Public/2021/DataFiles/LUX_L.xpt,LUX_L.xpt,False
2021-August_2023,2021-2023,Laboratory,AGP_L,alpha-1-Acid Glycoprotein AGP_L Doc AGP_L Data [XPT - 61.3 KB] September 2024,https://wwwn.cdc.gov/Nchs/Data/Nhanes/Public/2021/DataFiles/AGP_L.xpt,AGP_L.xpt,False
2021-August_2023,2021-2023,Laboratory,ALB_CR_L,Albumin & Creatinine - Urine ALB_CR_L Doc ALB_CR_L Data [XPT - 532.7 KB] September 2025,https://wwwn.cdc.gov/Nchs/Data/Nhanes/Public/2021/DataFiles/ALB_CR_L.xpt,ALB_CR_L.xpt,False
2021-August_2023,2021-2023,Laboratory,BIOPRO_L,Standard Biochemistry Profile BIOPRO_L Doc BIOPRO_L Data [XPT - 2.3 MB] September 2025,https://wwwn.cdc.gov/Nchs/Data/Nhanes/Public/2021/DataFiles/BIOPRO_L.xpt,BIOPRO_L.xpt,False
2021-August_2023,2021-2023,Laboratory,CBC_L,Complete Blood Count with 5-Part Differential in Whole Blood CBC_L Doc CBC_L Data [XPT - 1.5 MB] September 2024,https://wwwn.cdc.gov/Nchs/Data/Nhanes/Public/2021/DataFiles/CBC_L.xpt,CBC_L.xpt,False
2021-August_2023,2021-2023,Laboratory,FAR_L,Fatty Acids - Washed RBCs FAR_L Doc FAR_L Data [XPT - 2.7 MB] December 2025,https://wwwn.cdc.gov/Nchs/Data/Nhanes/Public/2021/DataFiles/FAR_L.xpt,FAR_L.xpt,False
2021-August_2023,2021-2023,Laboratory,FASTQX_L,Fasting Questionnaire FASTQX_L Doc FASTQX_L Data [XPT - 1.3 MB] September 2024,https://wwwn.cdc.gov/Nchs/Data/Nhanes/Public/2021/DataFiles/FASTQX_L.xpt,FASTQX_L.xpt,False
2021-August_2023,2021-2023,Laboratory,FERTIN_L,Ferritin FERTIN_L Doc FERTIN_L Data [XPT - 81.4 KB] September 2024,https://wwwn.cdc.gov/Nchs/Data/Nhanes/Public/2021/DataFiles/FERTIN_L.xpt,FERTIN_L.xpt,False
2021-August_2023,2021-2023,Laboratory,FFMR_L,Folate Forms - Total & Individual – Washed RBCs FFMR_L Doc FFMR_L Data [XPT - 948.3 KB] January 2026,https://wwwn.cdc.gov/Nchs/Data/Nhanes/Public/2021/DataFiles/FFMR_L.xpt,FFMR_L.xpt,False
2021-August_2023,2021-2023,Laboratory,FOLATE_L,Folate - RBC FOLATE_L Doc FOLATE_L Data [XPT - 274 KB] September 2024,https://wwwn.cdc.gov/Nchs/Data/Nhanes/Public/2021/DataFiles/FOLATE_L.xpt,FOLATE_L.xpt,False
2021-August_2023,2021-2023,Laboratory,FOLFMS_L,Serum Folate Forms - Total & Individual - Serum FOLFMS_L Doc FOLFMS_L Data [XPT - 1.1 MB] September 2024,https://wwwn.cdc.gov/Nchs/Data/Nhanes/Public/2021/DataFiles/FOLFMS_L.xpt,FOLFMS_L.xpt,False
2021-August_2023,2021-2023,Laboratory,GHB_L,Glycohemoglobin GHB_L Doc GHB_L Data [XPT - 169.9 KB] September 2024,https://wwwn.cdc.gov/Nchs/Data/Nhanes/Public/2021/DataFiles/GHB_L.xpt,GHB_L.xpt,True
2021-August_2023,2021-2023,Laboratory,GLU_L,Plasma Fasting Glucose GLU_L Doc GLU_L Data [XPT - 126.2 KB] September 2024,https://wwwn.cdc.gov/Nchs/Data/Nhanes/Public/2021/DataFiles/GLU_L.xpt,GLU_L.xpt,True
2021-August_2023,2021-2023,Laboratory,HDL_L,Cholesterol – High-Density Lipoprotein HDL_L Doc HDL_L Data [XPT - 253.4 KB] September 2024,https://wwwn.cdc.gov/Nchs/Data/Nhanes/Public/2021/DataFiles/HDL_L.xpt,HDL_L.xpt,True
2021-August_2023,2021-2023,Laboratory,HEPA_L,Hepatitis A HEPA_L Doc HEPA_L Data [XPT - 203 KB] September 2024,https://wwwn.cdc.gov/Nchs/Data/Nhanes/Public/2021/DataFiles/HEPA_L.xpt,HEPA_L.xpt,False
2021-August_2023,2021-2023,Laboratory,HEPBD_L,"Hepatitis B: Core antibody, Surface antigen, and Hepatitis D: antibody HEPBD_L Doc HEPBD_L Data [XPT - 316.6 KB] February 2026",https://wwwn.cdc.gov/Nchs/Data/Nhanes/Public/2021/DataFiles/HEPBD_L.xpt,HEPBD_L.xpt,False
2021-August_2023,2021-2023,Laboratory,HEPB_S_L,Hepatitis B Surface Antibody HEPB_S_L Doc HEPB_S_L Data [XPT - 203 KB] September 2024,https://wwwn.cdc.gov/Nchs/Data/Nhanes/Public/2021/DataFiles/HEPB_S_L.xpt,HEPB_S_L.xpt,False
2021-August_2023,2021-2023,Laboratory,HEPC_L,"Hepatitis C: RNA (HCV-RNA), Confirmed Antibody (INNO-LIA), & Genotype HEPC_L Doc HEPC_L Data [XPT - 316.6 KB] February 2026",https://wwwn.cdc.gov/Nchs/Data/Nhanes/Public/2021/DataFiles/HEPC_L.xpt,HEPC_L.xpt,False
2021-August_2023,2021-2023,Laboratory,HEPE_L,Hepatitis E: IgG & IgM Antibodies HEPE_L Doc HEPE_L Data [XPT - 253.4 KB] February 2026,https://wwwn.cdc.gov/Nchs/Data/Nhanes/Public/2021/DataFiles/HEPE_L.xpt,HEPE_L.xpt,False
2021-August_2023,2021-2023,Laboratory,HSCRP_L,High-Sensitivity C-Reactive Protein HSCRP_L Doc HSCRP_L Data [XPT - 274 KB] September 2024,https://wwwn.cdc.gov/Nchs/Data/Nhanes/Public/2021/DataFiles/HSCRP_L.xpt,HSCRP_L.xpt,False
2021-August_2023,2021-2023,Laboratory,IHGEM_L,"Mercury: Inorganic, Ethyl, and Methyl - Blood IHGEM_L Doc IHGEM_L Data [XPT - 752.3 KB] September 2024",https://wwwn.cdc.gov/Nchs/Data/Nhanes/Public/2021/DataFiles/IHGEM_L.xpt,IHGEM_L.xpt,False
2021-August_2023,2021-2023,Laboratory,INS_L,Insulin INS_L Doc INS_L Data [XPT - 157.5 KB] September 2024,https://wwwn.cdc.gov/Nchs/Data/Nhanes/Public/2021/DataFiles/INS_L.xpt,INS_L.xpt,False
2021-August_2023,2021-2023,Laboratory,PBCD_L,"Lead, Cadmium, Total Mercury, Selenium, & Manganese – Blood PBCD_L Doc PBCD_L Data [XPT - 1.1 MB] September 2024",https://wwwn.cdc.gov/Nchs/Data/Nhanes/Public/2021/DataFiles/PBCD_L.xpt,PBCD_L.xpt,False
2021-August_2023,2021-2023,Laboratory,TCHOL_L,Cholesterol - Total TCHOL_L Doc TCHOL_L Data [XPT - 253.4 KB] September 2024,https://wwwn.cdc.gov/Nchs/Data/Nhanes/Public/2021/DataFiles/TCHOL_L.xpt,TCHOL_L.xpt,True
2021-August_2023,2021-2023,Laboratory,TFR_L,Transferrin Receptor TFR_L Doc TFR_L Data [XPT - 81.4 KB] September 2024,https://wwwn.cdc.gov/Nchs/Data/Nhanes/Public/2021/DataFiles/TFR_L.xpt,TFR_L.xpt,False
2021-August_2023,2021-2023,Laboratory,TRIGLY_L,Cholesterol - Low-Density Lipoproteins (LDL) & Triglycerides TRIGLY_L Doc TRIGLY_L Data [XPT - 314.3 KB] September 2025,https://wwwn.cdc.gov/Nchs/Data/Nhanes/Public/2021/DataFiles/TRIGLY_L.xpt,TRIGLY_L.xpt,True
2021-August_2023,2021-2023,Laboratory,TST_L,Sex Steroid Hormone Panel - Serum TST_L Doc TST_L Data [XPT - 2.3 MB] October 2024,https://wwwn.cdc.gov/Nchs/Data/Nhanes/Public/2021/DataFiles/TST_L.xpt,TST_L.xpt,False
2021-August_2023,2021-2023,Laboratory,UCPREG_L,Urine Pregnancy Test UCPREG_L Doc UCPREG_L Data [XPT - 18.8 KB] September 2024,https://wwwn.cdc.gov/Nchs/Data/Nhanes/Public/2021/DataFiles/UCPREG_L.xpt,UCPREG_L.xpt,False
2021-August_2023,2021-2023,Laboratory,VID_L,Vitamin D VID_L Doc VID_L Data [XPT - 683.9 KB] September 2024,https://wwwn.cdc.gov/Nchs/Data/Nhanes/Public/2021/DataFiles/VID_L.xpt,VID_L.xpt,False
2021-August_2023,2021-2023,Laboratory,VOCWB_L,Volatile Organic Compounds and Trihalomethanes/MTBE - Blood VOCWB_L Doc VOCWB_L Data [XPT - 2.2 MB] September 2025,https://wwwn.cdc.gov/Nchs/Data/Nhanes/Public/2021/DataFiles/VOCWB_L.xpt,VOCWB_L.xpt,False
2021-August_2023,2021-2023,Questionnaire,ACQ_L,Acculturation ACQ_L Doc ACQ_L Data [XPT - 445.6 KB] September 2024,https://wwwn.cdc.gov/Nchs/Data/Nhanes/Public/2021/DataFiles/ACQ_L.xpt,ACQ_L.xpt,False
2021-August_2023,2021-2023,Questionnaire,ALQ_L,Alcohol Use ALQ_L Doc ALQ_L Data [XPT - 447.6 KB] September 2024,https://wwwn.cdc.gov/Nchs/Data/Nhanes/Public/2021/DataFiles/ALQ_L.xpt,ALQ_L.xpt,False
2021-August_2023,2021-2023,Questionnaire,AUQ_L,Audiometry AUQ_L Doc AUQ_L Data [XPT - 1.3 MB] September 2024,https://wwwn.cdc.gov/Nchs/Data/Nhanes/Public/2021/DataFiles/AUQ_L.xpt,AUQ_L.xpt,False
2021-August_2023,2021-2023,Questionnaire,BAQ_L,Balance BAQ_L Doc BAQ_L Data [XPT - 714.1 KB] October 2024,https://wwwn.cdc.gov/Nchs/Data/Nhanes/Public/2021/DataFiles/BAQ_L.xpt,BAQ_L.xpt,False
2021-August_2023,2021-2023,Questionnaire,BPQ_L,Blood Pressure & Cholesterol BPQ_L Doc BPQ_L Data [XPT - 400.1 KB] September 2024,https://wwwn.cdc.gov/Nchs/Data/Nhanes/Public/2021/DataFiles/BPQ_L.xpt,BPQ_L.xpt,True
2021-August_2023,2021-2023,Questionnaire,DBQ_L,Diet Behavior & Nutrition DBQ_L Doc DBQ_L Data [XPT - 2.5 MB] September 2024,https://wwwn.cdc.gov/Nchs/Data/Nhanes/Public/2021/DataFiles/DBQ_L.xpt,DBQ_L.xpt,False
2021-August_2023,2021-2023,Questionnaire,DEQ_L,Dermatology DEQ_L Doc DEQ_L Data [XPT - 135.8 KB] September 2024,https://wwwn.cdc.gov/Nchs/Data/Nhanes/Public/2021/DataFiles/DEQ_L.xpt,DEQ_L.xpt,False
2021-August_2023,2021-2023,Questionnaire,DIQ_L,Diabetes DIQ_L Doc DIQ_L Data [XPT - 827.7 KB] September 2024,https://wwwn.cdc.gov/Nchs/Data/Nhanes/Public/2021/DataFiles/DIQ_L.xpt,DIQ_L.xpt,False
2021-August_2023,2021-2023,Questionnaire,DPQ_L,Mental Health - Depression Screener DPQ_L Doc DPQ_L Data [XPT - 546.9 KB] September 2024,https://wwwn.cdc.gov/Nchs/Data/Nhanes/Public/2021/DataFiles/DPQ_L.xpt,DPQ_L.xpt,True
2021-August_2023,2021-2023,Questionnaire,ECQ_L,Early Childhood ECQ_L Doc ECQ_L Data [XPT - 189.5 KB] September 2024,https://wwwn.cdc.gov/Nchs/Data/Nhanes/Public/2021/DataFiles/ECQ_L.xpt,ECQ_L.xpt,False
2021-August_2023,2021-2023,Questionnaire,FNQ_L,Functioning FNQ_L Doc FNQ_L Data [XPT - 2.7 MB] September 2024,https://wwwn.cdc.gov/Nchs/Data/Nhanes/Public/2021/DataFiles/FNQ_L.xpt,FNQ_L.xpt,True
2021-August_2023,2021-2023,Questionnaire,FSQ_L,Food Security FSQ_L Doc FSQ_L Data [XPT - 2.9 MB] December 2025,https://wwwn.cdc.gov/Nchs/Data/Nhanes/Public/2021/DataFiles/FSQ_L.xpt,FSQ_L.xpt,False
2021-August_2023,2021-2023,Questionnaire,HEQ_L,Hepatitis HEQ_L Doc HEQ_L Data [XPT - 168.2 KB] September 2024,https://wwwn.cdc.gov/Nchs/Data/Nhanes/Public/2021/DataFiles/HEQ_L.xpt,HEQ_L.xpt,False
2021-August_2023,2021-2023,Questionnaire,HIQ_L,Health Insurance HIQ_L Doc HIQ_L Data [XPT - 445.2 KB] September 2024,https://wwwn.cdc.gov/Nchs/Data/Nhanes/Public/2021/DataFiles/HIQ_L.xpt,HIQ_L.xpt,False
2021-August_2023,2021-2023,Questionnaire,HOQ_L,Housing Characteristics HOQ_L Doc HOQ_L Data [XPT - 129.2 KB] September 2024,https://wwwn.cdc.gov/Nchs/Data/Nhanes/Public/2021/DataFiles/HOQ_L.xpt,HOQ_L.xpt,False
2021-August_2023,2021-2023,Questionnaire,HSQ_L,Current Health Status HSQ_L Doc HSQ_L Data [XPT - 104.4 KB] September 2024,https://wwwn.cdc.gov/Nchs/Data/Nhanes/Public/2021/DataFiles/HSQ_L.xpt,HSQ_L.xpt,False
2021-August_2023,2021-2023,Questionnaire,HUQ_L,Hospital Utilization & Access to Care HUQ_L Doc HUQ_L Data [XPT - 269.6 KB] September 2024,https://wwwn.cdc.gov/Nchs/Data/Nhanes/Public/2021/DataFiles/HUQ_L.xpt,HUQ_L.xpt,False
2021-August_2023,2021-2023,Questionnaire,IMQ_L,Immunization IMQ_L Doc IMQ_L Data [XPT - 543.7 KB] September 2024,https://wwwn.cdc.gov/Nchs/Data/Nhanes/Public/2021/DataFiles/IMQ_L.xpt,IMQ_L.xpt,False
2021-August_2023,2021-2023,Questionnaire,INQ_L,Income INQ_L Doc INQ_L Data [XPT - 467.6 KB] September 2024,https://wwwn.cdc.gov/Nchs/Data/Nhanes/Public/2021/DataFiles/INQ_L.xpt,INQ_L.xpt,False
2021-August_2023,2021-2023,Questionnaire,KIQ_U_L,Kidney Conditions - Urology KIQ_U_L Doc KIQ_U_L Data [XPT - 551.1 KB] September 2024,https://wwwn.cdc.gov/Nchs/Data/Nhanes/Public/2021/DataFiles/KIQ_U_L.xpt,KIQ_U_L.xpt,False
2021-August_2023,2021-2023,Questionnaire,MCQ_L,Medical Conditions MCQ_L Doc MCQ_L Data [XPT - 3.1 MB] September 2024,https://wwwn.cdc.gov/Nchs/Data/Nhanes/Public/2021/DataFiles/MCQ_L.xpt,MCQ_L.xpt,True
2021-August_2023,2021-2023,Questionnaire,OCQ_L,Occupation OCQ_L Doc OCQ_L Data [XPT - 400.1 KB] September 2024,https://wwwn.cdc.gov/Nchs/Data/Nhanes/Public/2021/DataFiles/OCQ_L.xpt,OCQ_L.xpt,False
2021-August_2023,2021-2023,Questionnaire,OHQ_L,Oral Health OHQ_L Doc OHQ_L Data [XPT - 334.5 KB] September 2024,https://wwwn.cdc.gov/Nchs/Data/Nhanes/Public/2021/DataFiles/OHQ_L.xpt,OHQ_L.xpt,False
2021-August_2023,2021-2023,Questionnaire,PAQY_L,Physical Activity - Youth PAQY_L Doc PAQY_L Data [XPT - 43.8 KB] September 2024,https://wwwn.cdc.gov/Nchs/Data/Nhanes/Public/2021/DataFiles/PAQY_L.xpt,PAQY_L.xpt,True
2021-August_2023,2021-2023,Questionnaire,PAQ_L,Physical Activity PAQ_L Doc PAQ_L Data [XPT - 399.9 KB] September 2024,https://wwwn.cdc.gov/Nchs/Data/Nhanes/Public/2021/DataFiles/PAQ_L.xpt,PAQ_L.xpt,True
2021-August_2023,2021-2023,Questionnaire,PUQMEC_L,Pesticide Use PUQMEC_L Doc PUQMEC_L Data [XPT - 190.3 KB] September 2024,https://wwwn.cdc.gov/Nchs/Data/Nhanes/Public/2021/DataFiles/PUQMEC_L.xpt,PUQMEC_L.xpt,False
2021-August_2023,2021-2023,Questionnaire,RHQ_L,Reproductive Health RHQ_L Doc RHQ_L Data [XPT - 400.4 KB] September 2024,https://wwwn.cdc.gov/Nchs/Data/Nhanes/Public/2021/DataFiles/RHQ_L.xpt,RHQ_L.xpt,False
2021-August_2023,2021-2023,Questionnaire,RXQASA_L,Preventive Aspirin Use RXQASA_L Doc RXQASA_L Data [XPT - 180.2 KB] September 2024,https://wwwn.cdc.gov/Nchs/Data/Nhanes/Public/2021/DataFiles/RXQASA_L.xpt,RXQASA_L.xpt,False
2021-August_2023,2021-2023,Questionnaire,RXQ_RX_L,Prescription Medications RXQ_RX_L Doc RXQ_RX_L Data [XPT - 280.9 KB] September 2024,https://wwwn.cdc.gov/Nchs/Data/Nhanes/Public/2021/DataFiles/RXQ_RX_L.xpt,RXQ_RX_L.xpt,True
2021-August_2023,2021-2023,Questionnaire,SLQ_L,Sleep Disorders SLQ_L Doc SLQ_L Data [XPT - 367 KB] September 2024,https://wwwn.cdc.gov/Nchs/Data/Nhanes/Public/2021/DataFiles/SLQ_L.xpt,SLQ_L.xpt,False
2021-August_2023,2021-2023,Questionnaire,SMQFAM_L,Smoking - Household Smokers SMQFAM_L Doc SMQFAM_L Data [XPT - 280.9 KB] September 2024,https://wwwn.cdc.gov/Nchs/Data/Nhanes/Public/2021/DataFiles/SMQFAM_L.xpt,SMQFAM_L.xpt,True
2021-August_2023,2021-2023,Questionnaire,SMQRTU_L,Smoking - Recent Tobacco Use SMQRTU_L Doc SMQRTU_L Data [XPT - 1.2 MB] September 2024,https://wwwn.cdc.gov/Nchs/Data/Nhanes/Public/2021/DataFiles/SMQRTU_L.xpt,SMQRTU_L.xpt,True
2021-August_2023,2021-2023,Questionnaire,SMQ_L,Smoking - Cigarette Use SMQ_L Doc SMQ_L Data [XPT - 635.9 KB] September 2024,https://wwwn.cdc.gov/Nchs/Data/Nhanes/Public/2021/DataFiles/SMQ_L.xpt,SMQ_L.xpt,True
2021-August_2023,2021-2023,Questionnaire,VTQ_L,Volatile Toxicant VTQ_L Doc VTQ_L Data [XPT - 370 KB] December 2025,https://wwwn.cdc.gov/Nchs/Data/Nhanes/Public/2021/DataFiles/VTQ_L.xpt,VTQ_L.xpt,False
2021-August_2023,2021-2023,Questionnaire,WHQ_L,Weight History WHQ_L Doc WHQ_L Data [XPT - 333.5 KB] September 2024,https://wwwn.cdc.gov/Nchs/Data/Nhanes/Public/2021/DataFiles/WHQ_L.xpt,WHQ_L.xpt,False
