cycle_label,cycle_code,component,file_code,description,url,filename,selected_for_download,local_path,download_status,file_size_bytes
2017-March_2020_PrePandemic,2017-2020,Dietary,DSBI,1999-2023 Dietary Supplement Database - Blend Information DSBI Doc DSBI Data [XPT - 10 MB] February 2025,https://wwwn.cdc.gov/Nchs/Data/Nhanes/Public/1999/DataFiles/DSBI.xpt,DSBI.xpt,True,D:\47\472\New-Papers\Integrated Personalized Disability-Aware\Experiments\data_raw\2017-March_2020_PrePandemic\Dietary\DSBI.xpt,downloaded,10452880
2017-March_2020_PrePandemic,2017-2020,Dietary,DSII,1999-2023 Dietary Supplement Database - Ingredient Information DSII Doc DSII Data [XPT - 82.4 MB] February 2025,https://wwwn.cdc.gov/Nchs/Data/Nhanes/Public/1999/DataFiles/DSII.xpt,DSII.xpt,True,D:\47\472\New-Papers\Integrated Personalized Disability-Aware\Experiments\data_raw\2017-March_2020_PrePandemic\Dietary\DSII.xpt,downloaded,86359040
2017-March_2020_PrePandemic,2017-2020,Dietary,DSPI,1999-2023 Dietary Supplement Database - Product Information DSPI Doc DSPI Data [XPT - 6.5 MB] February 2025,https://wwwn.cdc.gov/Nchs/Data/Nhanes/Public/1999/DataFiles/DSPI.xpt,DSPI.xpt,True,D:\47\472\New-Papers\Integrated Personalized Disability-Aware\Experiments\data_raw\2017-March_2020_PrePandemic\Dietary\DSPI.xpt,downloaded,6842720
2017-March_2020_PrePandemic,2017-2020,Dietary,P_DR1IFF,"2017-2020 Dietary Interview - Individual Foods, First Day P_DR1IFF Doc P_DR1IFF Data [XPT - 117.9 MB] July 2022",https://wwwn.cdc.gov/Nchs/Data/Nhanes/Public/2017/DataFiles/P_DR1IFF.xpt,P_DR1IFF.xpt,True,D:\47\472\New-Papers\Integrated Personalized Disability-Aware\Experiments\data_raw\2017-March_2020_PrePandemic\Dietary\P_DR1IFF.xpt,downloaded,123600000
2017-March_2020_PrePandemic,2017-2020,Dietary,P_DR1TOT,"2017-2020 Dietary Interview - Total Nutrient Intakes, First Day P_DR1TOT Doc P_DR1TOT Data [XPT - 18.4 MB] July 2022",https://wwwn.cdc.gov/Nchs/Data/Nhanes/Public/2017/DataFiles/P_DR1TOT.xpt,P_DR1TOT.xpt,True,D:\47\472\New-Papers\Integrated Personalized Disability-Aware\Experiments\data_raw\2017-March_2020_PrePandemic\Dietary\P_DR1TOT.xpt,downloaded,19243440
2017-March_2020_PrePandemic,2017-2020,Dietary,P_DR2IFF,"2017-2020 Dietary Interview - Individual Foods, Second Day P_DR2IFF Doc P_DR2IFF Data [XPT - 95.8 MB] July 2022",https://wwwn.cdc.gov/Nchs/Data/Nhanes/Public/2017/DataFiles/P_DR2IFF.xpt,P_DR2IFF.xpt,True,D:\47\472\New-Papers\Integrated Personalized Disability-Aware\Experiments\data_raw\2017-March_2020_PrePandemic\Dietary\P_DR2IFF.xpt,downloaded,100473120
2017-March_2020_PrePandemic,2017-2020,Dietary,P_DR2TOT,"2017-2020 Dietary Interview - Total Nutrient Intakes, Second Day P_DR2TOT Doc P_DR2TOT Data [XPT - 9.3 MB] July 2022",https://wwwn.cdc.gov/Nchs/Data/Nhanes/Public/2017/DataFiles/P_DR2TOT.xpt,P_DR2TOT.xpt,True,D:\47\472\New-Papers\Integrated Personalized Disability-Aware\Experiments\data_raw\2017-March_2020_PrePandemic\Dietary\P_DR2TOT.xpt,downloaded,9736640
2017-March_2020_PrePandemic,2017-2020,Dietary,P_DRXFCD,2017-2020 Dietary Interview Technical Support File - Food Codes P_DRXFCD Doc P_DRXFCD Data [XPT - 4.7 MB] July 2022,https://wwwn.cdc.gov/Nchs/Data/Nhanes/Public/2017/DataFiles/P_DRXFCD.xpt,P_DRXFCD.xpt,True,D:\47\472\New-Papers\Integrated Personalized Disability-Aware\Experiments\data_raw\2017-March_2020_PrePandemic\Dietary\P_DRXFCD.xpt,downloaded,4974080
2017-March_2020_PrePandemic,2017-2020,Dietary,P_DS1IDS,"2017-2020 Dietary Supplement Use 24-Hour - Individual Dietary Supplements, First Day P_DS1IDS Doc P_DS1IDS Data [XPT - 5.4 MB] July 2022",https://wwwn.cdc.gov/Nchs/Data/Nhanes/Public/2017/DataFiles/P_DS1IDS.xpt,P_DS1IDS.xpt,True,D:\47\472\New-Papers\Integrated Personalized Disability-Aware\Experiments\data_raw\2017-March_2020_PrePandemic\Dietary\P_DS1IDS.xpt,downloaded,5698160
2017-March_2020_PrePandemic,2017-2020,Dietary,P_DS1TOT,"2017-2020 Dietary Supplement Use 24-Hour - Total Dietary Supplements, First Day P_DS1TOT Doc P_DS1TOT Data [XPT - 5.4 MB] July 2022",https://wwwn.cdc.gov/Nchs/Data/Nhanes/Public/2017/DataFiles/P_DS1TOT.xpt,P_DS1TOT.xpt,True,D:\47\472\New-Papers\Integrated Personalized Disability-Aware\Experiments\data_raw\2017-March_2020_PrePandemic\Dietary\P_DS1TOT.xpt,downloaded,5613200
2017-March_2020_PrePandemic,2017-2020,Dietary,P_DS2IDS,"2017-2020 Dietary Supplement Use 24-Hour - Individual Dietary Supplements, Second Day P_DS2IDS Doc P_DS2IDS Data [XPT - 5.1 MB] July 2022",https://wwwn.cdc.gov/Nchs/Data/Nhanes/Public/2017/DataFiles/P_DS2IDS.xpt,P_DS2IDS.xpt,True,D:\47\472\New-Papers\Integrated Personalized Disability-Aware\Experiments\data_raw\2017-March_2020_PrePandemic\Dietary\P_DS2IDS.xpt,downloaded,5372880
2017-March_2020_PrePandemic,2017-2020,Dietary,P_DS2TOT,"2017-2020 Dietary Supplement Use 24-Hour - Total Dietary Supplements, Second Day P_DS2TOT Doc P_DS2TOT Data [XPT - 5.4 MB] July 2022",https://wwwn.cdc.gov/Nchs/Data/Nhanes/Public/2017/DataFiles/P_DS2TOT.xpt,P_DS2TOT.xpt,True,D:\47\472\New-Papers\Integrated Personalized Disability-Aware\Experiments\data_raw\2017-March_2020_PrePandemic\Dietary\P_DS2TOT.xpt,downloaded,5613200
2017-March_2020_PrePandemic,2017-2020,Dietary,P_DSQIDS,2017-2020 Dietary Supplement Use 30-Day - Individual Dietary Supplements P_DSQIDS Doc P_DSQIDS Data [XPT - 14.2 MB] Updated July 2022,https://wwwn.cdc.gov/Nchs/Data/Nhanes/Public/2017/DataFiles/P_DSQIDS.xpt,P_DSQIDS.xpt,True,D:\47\472\New-Papers\Integrated Personalized Disability-Aware\Experiments\data_raw\2017-March_2020_PrePandemic\Dietary\P_DSQIDS.xpt,downloaded,14867440
2017-March_2020_PrePandemic,2017-2020,Dietary,P_DSQTOT,2017-2020 Dietary Supplement Use 30-Day - Total Dietary Supplements P_DSQTOT Doc P_DSQTOT Data [XPT - 4.6 MB] Updated July 2022,https://wwwn.cdc.gov/Nchs/Data/Nhanes/Public/2017/DataFiles/P_DSQTOT.xpt,P_DSQTOT.xpt,True,D:\47\472\New-Papers\Integrated Personalized Disability-Aware\Experiments\data_raw\2017-March_2020_PrePandemic\Dietary\P_DSQTOT.xpt,downloaded,4860960
2017-March_2020_PrePandemic,2017-2020,Examination,P_BMX,2017-2020 Body Measures P_BMX Doc P_BMX Data [XPT - 2.4 MB] May 2021,https://wwwn.cdc.gov/Nchs/Data/Nhanes/Public/2017/DataFiles/P_BMX.xpt,P_BMX.xpt,True,D:\47\472\New-Papers\Integrated Personalized Disability-Aware\Experiments\data_raw\2017-March_2020_PrePandemic\Examination\P_BMX.xpt,downloaded,2520640
2017-March_2020_PrePandemic,2017-2020,Examination,P_BPXO,2017-2020 Blood Pressure - Oscillometric Measurement P_BPXO Doc P_BPXO Data [XPT - 1015.5 KB] May 2021,https://wwwn.cdc.gov/Nchs/Data/Nhanes/Public/2017/DataFiles/P_BPXO.xpt,P_BPXO.xpt,True,D:\47\472\New-Papers\Integrated Personalized Disability-Aware\Experiments\data_raw\2017-March_2020_PrePandemic\Examination\P_BPXO.xpt,downloaded,1039840
2017-March_2020_PrePandemic,2017-2020,Laboratory,P_GHB,2017-2020 Glycohemoglobin P_GHB Doc P_GHB Data [XPT - 163.7 KB] May 2021,https://wwwn.cdc.gov/Nchs/Data/Nhanes/Public/2017/DataFiles/P_GHB.xpt,P_GHB.xpt,True,D:\47\472\New-Papers\Integrated Personalized Disability-Aware\Experiments\data_raw\2017-March_2020_PrePandemic\Laboratory\P_GHB.xpt,downloaded,167600
2017-March_2020_PrePandemic,2017-2020,Laboratory,P_GLU,2017-2020 Plasma Fasting Glucose P_GLU Doc P_GLU Data [XPT - 160.3 KB] May 2021,https://wwwn.cdc.gov/Nchs/Data/Nhanes/Public/2017/DataFiles/P_GLU.xpt,P_GLU.xpt,True,D:\47\472\New-Papers\Integrated Personalized Disability-Aware\Experiments\data_raw\2017-March_2020_PrePandemic\Laboratory\P_GLU.xpt,downloaded,164160
2017-March_2020_PrePandemic,2017-2020,Laboratory,P_HDL,2017-2020 Cholesterol - High - Density Lipoprotein (HDL) P_HDL Doc P_HDL Data [XPT - 287.1 KB] August 2021,https://wwwn.cdc.gov/Nchs/Data/Nhanes/Public/2017/DataFiles/P_HDL.xpt,P_HDL.xpt,True,D:\47\472\New-Papers\Integrated Personalized Disability-Aware\Experiments\data_raw\2017-March_2020_PrePandemic\Laboratory\P_HDL.xpt,downloaded,294000
2017-March_2020_PrePandemic,2017-2020,Laboratory,P_TCHOL,2017-2020 Cholesterol - Total P_TCHOL Doc P_TCHOL Data [XPT - 287.1 KB] August 2021,https://wwwn.cdc.gov/Nchs/Data/Nhanes/Public/2017/DataFiles/P_TCHOL.xpt,P_TCHOL.xpt,True,D:\47\472\New-Papers\Integrated Personalized Disability-Aware\Experiments\data_raw\2017-March_2020_PrePandemic\Laboratory\P_TCHOL.xpt,downloaded,294000
2017-March_2020_PrePandemic,2017-2020,Laboratory,P_TRIGLY,2017-2020 Cholesterol - Low-Density Lipoproteins (LDL) & Triglycerides P_TRIGLY Doc P_TRIGLY Data [XPT - 399.8 KB] October 2021,https://wwwn.cdc.gov/Nchs/Data/Nhanes/Public/2017/DataFiles/P_TRIGLY.xpt,P_TRIGLY.xpt,True,D:\47\472\New-Papers\Integrated Personalized Disability-Aware\Experiments\data_raw\2017-March_2020_PrePandemic\Laboratory\P_TRIGLY.xpt,downloaded,409360
2017-March_2020_PrePandemic,2017-2020,Questionnaire,P_BPQ,2017-2020 Blood Pressure & Cholesterol P_BPQ Doc P_BPQ Data [XPT - 878.4 KB] May 2021,https://wwwn.cdc.gov/Nchs/Data/Nhanes/Public/2017/DataFiles/P_BPQ.xpt,P_BPQ.xpt,True,D:\47\472\New-Papers\Integrated Personalized Disability-Aware\Experiments\data_raw\2017-March_2020_PrePandemic\Questionnaire\P_BPQ.xpt,downloaded,899520
2017-March_2020_PrePandemic,2017-2020,Questionnaire,P_DPQ,2017-2020 Mental Health - Depression Screener P_DPQ Doc P_DPQ Data [XPT - 772.7 KB] June 2021,https://wwwn.cdc.gov/Nchs/Data/Nhanes/Public/2017/DataFiles/P_DPQ.xpt,P_DPQ.xpt,True,D:\47\472\New-Papers\Integrated Personalized Disability-Aware\Experiments\data_raw\2017-March_2020_PrePandemic\Questionnaire\P_DPQ.xpt,downloaded,791280
2017-March_2020_PrePandemic,2017-2020,Questionnaire,P_MCQ,2017-2020 Medical Conditions P_MCQ Doc P_MCQ Data [XPT - 7.2 MB] August 2021,https://wwwn.cdc.gov/Nchs/Data/Nhanes/Public/2017/DataFiles/P_MCQ.xpt,P_MCQ.xpt,True,D:\47\472\New-Papers\Integrated Personalized Disability-Aware\Experiments\data_raw\2017-March_2020_PrePandemic\Questionnaire\P_MCQ.xpt,downloaded,7562560
2017-March_2020_PrePandemic,2017-2020,Questionnaire,P_PAQ,2017-2020 Physical Activity P_PAQ Doc P_PAQ Data [XPT - 1.3 MB] June 2021,https://wwwn.cdc.gov/Nchs/Data/Nhanes/Public/2017/DataFiles/P_PAQ.xpt,P_PAQ.xpt,True,D:\47\472\New-Papers\Integrated Personalized Disability-Aware\Experiments\data_raw\2017-March_2020_PrePandemic\Questionnaire\P_PAQ.xpt,downloaded,1321440
2017-March_2020_PrePandemic,2017-2020,Questionnaire,P_PAQY,2017-2020 Physical Activity - Youth P_PAQY Doc P_PAQY Data [XPT - 76.2 KB] June 2021,https://wwwn.cdc.gov/Nchs/Data/Nhanes/Public/2017/DataFiles/P_PAQY.xpt,P_PAQY.xpt,True,D:\47\472\New-Papers\Integrated Personalized Disability-Aware\Experiments\data_raw\2017-March_2020_PrePandemic\Questionnaire\P_PAQY.xpt,downloaded,78080
2017-March_2020_PrePandemic,2017-2020,Questionnaire,P_RXQ_RX,2017-2020 Prescription Medications P_RXQ_RX Doc P_RXQ_RX Data [XPT - 15.4 MB] September 2021,https://wwwn.cdc.gov/Nchs/Data/Nhanes/Public/2017/DataFiles/P_RXQ_RX.xpt,P_RXQ_RX.xpt,True,D:\47\472\New-Papers\Integrated Personalized Disability-Aware\Experiments\data_raw\2017-March_2020_PrePandemic\Questionnaire\P_RXQ_RX.xpt,downloaded,16154000
2017-March_2020_PrePandemic,2017-2020,Questionnaire,P_SMQ,2017-2020 Smoking - Cigarette Use P_SMQ Doc P_SMQ Data [XPT - 1.4 MB] August 2021,https://wwwn.cdc.gov/Nchs/Data/Nhanes/Public/2017/DataFiles/P_SMQ.xpt,P_SMQ.xpt,True,D:\47\472\New-Papers\Integrated Personalized Disability-Aware\Experiments\data_raw\2017-March_2020_PrePandemic\Questionnaire\P_SMQ.xpt,downloaded,1428560
2017-March_2020_PrePandemic,2017-2020,Questionnaire,P_SMQFAM,2017-2020 Smoking - Household Smokers P_SMQFAM Doc P_SMQFAM Data [XPT - 365.9 KB] December 2021,https://wwwn.cdc.gov/Nchs/Data/Nhanes/Public/2017/DataFiles/P_SMQFAM.xpt,P_SMQFAM.xpt,True,D:\47\472\New-Papers\Integrated Personalized Disability-Aware\Experiments\data_raw\2017-March_2020_PrePandemic\Questionnaire\P_SMQFAM.xpt,downloaded,374640
2017-March_2020_PrePandemic,2017-2020,Questionnaire,P_SMQRTU,2017-2020 Smoking - Recent Tobacco Use P_SMQRTU Doc P_SMQRTU Data [XPT - 2 MB] August 2021,https://wwwn.cdc.gov/Nchs/Data/Nhanes/Public/2017/DataFiles/P_SMQRTU.xpt,P_SMQRTU.xpt,True,D:\47\472\New-Papers\Integrated Personalized Disability-Aware\Experiments\data_raw\2017-March_2020_PrePandemic\Questionnaire\P_SMQRTU.xpt,downloaded,2086080
2017-March_2020_PrePandemic,2017-2020,Questionnaire,P_SMQSHS,2017-2020 Smoking - Secondhand Smoke Exposure P_SMQSHS Doc P_SMQSHS Data [XPT - 1.8 MB] August 2021,https://wwwn.cdc.gov/Nchs/Data/Nhanes/Public/2017/DataFiles/P_SMQSHS.xpt,P_SMQSHS.xpt,True,D:\47\472\New-Papers\Integrated Personalized Disability-Aware\Experiments\data_raw\2017-March_2020_PrePandemic\Questionnaire\P_SMQSHS.xpt,downloaded,1870080
2017-March_2020_PrePandemic,2017-2020,Questionnaire,RXQ_DRUG,1988-2020 Prescription Medications - Drug Information RXQ_DRUG Doc RXQ_DRUG Data [XPT - 3.2 MB] Updated September 2021,https://wwwn.cdc.gov/Nchs/Data/Nhanes/Public/1988/DataFiles/RXQ_DRUG.xpt,RXQ_DRUG.xpt,True,D:\47\472\New-Papers\Integrated Personalized Disability-Aware\Experiments\data_raw\2017-March_2020_PrePandemic\Questionnaire\RXQ_DRUG.xpt,downloaded,3372240
2021-August_2023,2021-2023,Dietary,DR1IFF_L,"Dietary Interview - Individual Foods, First Day DR1IFF_L Doc DR1IFF_L Data [XPT - 64.2 MB] October 2024",https://wwwn.cdc.gov/Nchs/Data/Nhanes/Public/2021/DataFiles/DR1IFF_L.xpt,DR1IFF_L.xpt,True,D:\47\472\New-Papers\Integrated Personalized Disability-Aware\Experiments\data_raw\2021-August_2023\Dietary\DR1IFF_L.xpt,downloaded,67290480
2021-August_2023,2021-2023,Dietary,DR1TOT_L,"Dietary Interview - Total Nutrient Intakes, First Day DR1TOT_L Doc DR1TOT_L Data [XPT - 11.4 MB] October 2024",https://wwwn.cdc.gov/Nchs/Data/Nhanes/Public/2021/DataFiles/DR1TOT_L.xpt,DR1TOT_L.xpt,True,D:\47\472\New-Papers\Integrated Personalized Disability-Aware\Experiments\data_raw\2021-August_2023\Dietary\DR1TOT_L.xpt,downloaded,11932080
2021-August_2023,2021-2023,Dietary,DR2IFF_L,"Dietary Interview - Individual Foods, Second Day DR2IFF_L Doc DR2IFF_L Data [XPT - 56.4 MB] October 2024",https://wwwn.cdc.gov/Nchs/Data/Nhanes/Public/2021/DataFiles/DR2IFF_L.xpt,DR2IFF_L.xpt,True,D:\47\472\New-Papers\Integrated Personalized Disability-Aware\Experiments\data_raw\2021-August_2023\Dietary\DR2IFF_L.xpt,downloaded,59170000
2021-August_2023,2021-2023,Dietary,DR2TOT_L,"Dietary Interview - Total Nutrient Intakes, Second Day DR2TOT_L Doc DR2TOT_L Data [XPT - 5.8 MB] October 2024",https://wwwn.cdc.gov/Nchs/Data/Nhanes/Public/2021/DataFiles/DR2TOT_L.xpt,DR2TOT_L.xpt,True,D:\47\472\New-Papers\Integrated Personalized Disability-Aware\Experiments\data_raw\2021-August_2023\Dietary\DR2TOT_L.xpt,downloaded,6037440
2021-August_2023,2021-2023,Dietary,DRXFCD_L,Dietary Interview Technical Support File - Food Codes DRXFCD_L Doc DRXFCD_L Data [XPT - 1.4 MB] October 2024,https://wwwn.cdc.gov/Nchs/Data/Nhanes/Public/2021/DataFiles/DRXFCD_L.xpt,DRXFCD_L.xpt,True,D:\47\472\New-Papers\Integrated Personalized Disability-Aware\Experiments\data_raw\2021-August_2023\Dietary\DRXFCD_L.xpt,downloaded,1457040
2021-August_2023,2021-2023,Dietary,DSBI,Dietary Supplement Database - Blend Information DSBI Doc DSBI Data [XPT - 10 MB] February 2025,https://wwwn.cdc.gov/Nchs/Data/Nhanes/Public/1999/DataFiles/DSBI.xpt,DSBI.xpt,True,D:\47\472\New-Papers\Integrated Personalized Disability-Aware\Experiments\data_raw\2021-August_2023\Dietary\DSBI.xpt,downloaded,10452880
2021-August_2023,2021-2023,Dietary,DSII,Dietary Supplement Database - Ingredient Information DSII Doc DSII Data [XPT - 82.4 MB] February 2025,https://wwwn.cdc.gov/Nchs/Data/Nhanes/Public/1999/DataFiles/DSII.xpt,DSII.xpt,True,D:\47\472\New-Papers\Integrated Personalized Disability-Aware\Experiments\data_raw\2021-August_2023\Dietary\DSII.xpt,downloaded,86359040
2021-August_2023,2021-2023,Dietary,DSPI,Dietary Supplement Database - Product Information DSPI Doc DSPI Data [XPT - 6.5 MB] February 2025,https://wwwn.cdc.gov/Nchs/Data/Nhanes/Public/1999/DataFiles/DSPI.xpt,DSPI.xpt,True,D:\47\472\New-Papers\Integrated Personalized Disability-Aware\Experiments\data_raw\2021-August_2023\Dietary\DSPI.xpt,downloaded,6842720
2021-August_2023,2021-2023,Dietary,DSQIDS_L,Dietary Supplement Use 30-Day - Individual Dietary Supplements DSQIDS_L Doc DSQIDS_L Data [XPT - 6 MB] Updated April 2025,https://wwwn.cdc.gov/Nchs/Data/Nhanes/Public/2021/DataFiles/DSQIDS_L.xpt,DSQIDS_L.xpt,True,D:\47\472\New-Papers\Integrated Personalized Disability-Aware\Experiments\data_raw\2021-August_2023\Dietary\DSQIDS_L.xpt,downloaded,6286080
2021-August_2023,2021-2023,Dietary,DSQTOT_L,Dietary Supplement Use 30-Day - Total Dietary Supplements DSQTOT_L Doc DSQTOT_L Data [XPT - 2.7 MB] Updated April 2025,https://wwwn.cdc.gov/Nchs/Data/Nhanes/Public/2021/DataFiles/DSQTOT_L.xpt,DSQTOT_L.xpt,True,D:\47\472\New-Papers\Integrated Personalized Disability-Aware\Experiments\data_raw\2021-August_2023\Dietary\DSQTOT_L.xpt,downloaded,2841520
2021-August_2023,2021-2023,Examination,BMX_L,Body Measures BMX_L Doc BMX_L Data [XPT - 1.5 MB] September 2024,https://wwwn.cdc.gov/Nchs/Data/Nhanes/Public/2021/DataFiles/BMX_L.xpt,BMX_L.xpt,True,D:\47\472\New-Papers\Integrated Personalized Disability-Aware\Experiments\data_raw\2021-August_2023\Examination\BMX_L.xpt,downloaded,1563200
2021-August_2023,2021-2023,Examination,BPXO_L,Blood Pressure - Oscillometric Measurements BPXO_L Doc BPXO_L Data [XPT - 680.4 KB] September 2024,https://wwwn.cdc.gov/Nchs/Data/Nhanes/Public/2021/DataFiles/BPXO_L.xpt,BPXO_L.xpt,True,D:\47\472\New-Papers\Integrated Personalized Disability-Aware\Experiments\data_raw\2021-August_2023\Examination\BPXO_L.xpt,downloaded,696720
2021-August_2023,2021-2023,Laboratory,GHB_L,Glycohemoglobin GHB_L Doc GHB_L Data [XPT - 169.9 KB] September 2024,https://wwwn.cdc.gov/Nchs/Data/Nhanes/Public/2021/DataFiles/GHB_L.xpt,GHB_L.xpt,True,D:\47\472\New-Papers\Integrated Personalized Disability-Aware\Experiments\data_raw\2021-August_2023\Laboratory\GHB_L.xpt,downloaded,174000
2021-August_2023,2021-2023,Laboratory,GLU_L,Plasma Fasting Glucose GLU_L Doc GLU_L Data [XPT - 126.2 KB] September 2024,https://wwwn.cdc.gov/Nchs/Data/Nhanes/Public/2021/DataFiles/GLU_L.xpt,GLU_L.xpt,True,D:\47\472\New-Papers\Integrated Personalized Disability-Aware\Experiments\data_raw\2021-August_2023\Laboratory\GLU_L.xpt,downloaded,129200
2021-August_2023,2021-2023,Laboratory,HDL_L,Cholesterol – High-Density Lipoprotein HDL_L Doc HDL_L Data [XPT - 253.4 KB] September 2024,https://wwwn.cdc.gov/Nchs/Data/Nhanes/Public/2021/DataFiles/HDL_L.xpt,HDL_L.xpt,True,D:\47\472\New-Papers\Integrated Personalized Disability-Aware\Experiments\data_raw\2021-August_2023\Laboratory\HDL_L.xpt,downloaded,259520
2021-August_2023,2021-2023,Laboratory,TCHOL_L,Cholesterol - Total TCHOL_L Doc TCHOL_L Data [XPT - 253.4 KB] September 2024,https://wwwn.cdc.gov/Nchs/Data/Nhanes/Public/2021/DataFiles/TCHOL_L.xpt,TCHOL_L.xpt,True,D:\47\472\New-Papers\Integrated Personalized Disability-Aware\Experiments\data_raw\2021-August_2023\Laboratory\TCHOL_L.xpt,downloaded,259520
2021-August_2023,2021-2023,Laboratory,TRIGLY_L,Cholesterol - Low-Density Lipoproteins (LDL) & Triglycerides TRIGLY_L Doc TRIGLY_L Data [XPT - 314.3 KB] September 2025,https://wwwn.cdc.gov/Nchs/Data/Nhanes/Public/2021/DataFiles/TRIGLY_L.xpt,TRIGLY_L.xpt,True,D:\47\472\New-Papers\Integrated Personalized Disability-Aware\Experiments\data_raw\2021-August_2023\Laboratory\TRIGLY_L.xpt,downloaded,321840
2021-August_2023,2021-2023,Questionnaire,BPQ_L,Blood Pressure & Cholesterol BPQ_L Doc BPQ_L Data [XPT - 400.1 KB] September 2024,https://wwwn.cdc.gov/Nchs/Data/Nhanes/Public/2021/DataFiles/BPQ_L.xpt,BPQ_L.xpt,True,D:\47\472\New-Papers\Integrated Personalized Disability-Aware\Experiments\data_raw\2021-August_2023\Questionnaire\BPQ_L.xpt,downloaded,409680
2021-August_2023,2021-2023,Questionnaire,DPQ_L,Mental Health - Depression Screener DPQ_L Doc DPQ_L Data [XPT - 546.9 KB] September 2024,https://wwwn.cdc.gov/Nchs/Data/Nhanes/Public/2021/DataFiles/DPQ_L.xpt,DPQ_L.xpt,True,D:\47\472\New-Papers\Integrated Personalized Disability-Aware\Experiments\data_raw\2021-August_2023\Questionnaire\DPQ_L.xpt,downloaded,560000
2021-August_2023,2021-2023,Questionnaire,FNQ_L,Functioning FNQ_L Doc FNQ_L Data [XPT - 2.7 MB] September 2024,https://wwwn.cdc.gov/Nchs/Data/Nhanes/Public/2021/DataFiles/FNQ_L.xpt,FNQ_L.xpt,True,D:\47\472\New-Papers\Integrated Personalized Disability-Aware\Experiments\data_raw\2021-August_2023\Questionnaire\FNQ_L.xpt,downloaded,2806400
2021-August_2023,2021-2023,Questionnaire,MCQ_L,Medical Conditions MCQ_L Doc MCQ_L Data [XPT - 3.1 MB] September 2024,https://wwwn.cdc.gov/Nchs/Data/Nhanes/Public/2021/DataFiles/MCQ_L.xpt,MCQ_L.xpt,True,D:\47\472\New-Papers\Integrated Personalized Disability-Aware\Experiments\data_raw\2021-August_2023\Questionnaire\MCQ_L.xpt,downloaded,3294000
2021-August_2023,2021-2023,Questionnaire,PAQY_L,Physical Activity - Youth PAQY_L Doc PAQY_L Data [XPT - 43.8 KB] September 2024,https://wwwn.cdc.gov/Nchs/Data/Nhanes/Public/2021/DataFiles/PAQY_L.xpt,PAQY_L.xpt,True,D:\47\472\New-Papers\Integrated Personalized Disability-Aware\Experiments\data_raw\2021-August_2023\Questionnaire\PAQY_L.xpt,downloaded,44800
2021-August_2023,2021-2023,Questionnaire,PAQ_L,Physical Activity PAQ_L Doc PAQ_L Data [XPT - 399.9 KB] September 2024,https://wwwn.cdc.gov/Nchs/Data/Nhanes/Public/2021/DataFiles/PAQ_L.xpt,PAQ_L.xpt,True,D:\47\472\New-Papers\Integrated Personalized Disability-Aware\Experiments\data_raw\2021-August_2023\Questionnaire\PAQ_L.xpt,downloaded,409520
2021-August_2023,2021-2023,Questionnaire,RXQ_RX_L,Prescription Medications RXQ_RX_L Doc RXQ_RX_L Data [XPT - 280.9 KB] September 2024,https://wwwn.cdc.gov/Nchs/Data/Nhanes/Public/2021/DataFiles/RXQ_RX_L.xpt,RXQ_RX_L.xpt,True,D:\47\472\New-Papers\Integrated Personalized Disability-Aware\Experiments\data_raw\2021-August_2023\Questionnaire\RXQ_RX_L.xpt,downloaded,287600
2021-August_2023,2021-2023,Questionnaire,SMQFAM_L,Smoking - Household Smokers SMQFAM_L Doc SMQFAM_L Data [XPT - 280.9 KB] September 2024,https://wwwn.cdc.gov/Nchs/Data/Nhanes/Public/2021/DataFiles/SMQFAM_L.xpt,SMQFAM_L.xpt,True,D:\47\472\New-Papers\Integrated Personalized Disability-Aware\Experiments\data_raw\2021-August_2023\Questionnaire\SMQFAM_L.xpt,downloaded,287600
2021-August_2023,2021-2023,Questionnaire,SMQRTU_L,Smoking - Recent Tobacco Use SMQRTU_L Doc SMQRTU_L Data [XPT - 1.2 MB] September 2024,https://wwwn.cdc.gov/Nchs/Data/Nhanes/Public/2021/DataFiles/SMQRTU_L.xpt,SMQRTU_L.xpt,True,D:\47\472\New-Papers\Integrated Personalized Disability-Aware\Experiments\data_raw\2021-August_2023\Questionnaire\SMQRTU_L.xpt,downloaded,1213120
2021-August_2023,2021-2023,Questionnaire,SMQ_L,Smoking - Cigarette Use SMQ_L Doc SMQ_L Data [XPT - 635.9 KB] September 2024,https://wwwn.cdc.gov/Nchs/Data/Nhanes/Public/2021/DataFiles/SMQ_L.xpt,SMQ_L.xpt,True,D:\47\472\New-Papers\Integrated Personalized Disability-Aware\Experiments\data_raw\2021-August_2023\Questionnaire\SMQ_L.xpt,downloaded,651120
